Draw,Update
0.00522901,0.00057903
0.00415687,0.000438475
0.00408496,0.00115012
0.00447534,0.00045622
0.00458975,0.000491708
0.00447534,0.00103291
0.00425634,0.0005314
0.00444125,0.000575294
0.00423019,0.000540272
0.00423626,0.000443612
0.00499647,0.000441744
0.00425027,0.000508519
0.00426147,0.000607047
0.00428902,0.000553814
0.00415921,0.00111977
0.00448141,0.000581832
0.00416995,0.000511788
0.00429416,0.00056362
0.0041989,0.0011221
0.00451036,0.000620589
0.0040873,0.000540739
0.00410551,0.000587902
0.00420124,0.000464625
0.00415361,0.000946994
0.00440763,0.000465092
0.00437121,0.000354889
0.00434412,0.000449682
0.00417322,0.000509453
0.00438382,0.000534202
0.00427268,0.00100443
0.00428342,0.000635065
0.00437354,0.000462757
0.00428202,0.000507118
0.00441604,0.00049918
0.00441043,0.000467893
0.00414707,0.000454819
0.00411298,0.000495911
0.00408636,0.00101143
0.00432872,0.000397383
0.00411018,0.000445479
0.00407469,0.000453418
0.00397429,0.000424466
0.0039883,0.000420731
0.00408403,0.000429603
0.0040957,0.000475832
0.00393273,0.0011095
0.00444826,0.000468827
0.00442398,0.000431004
0.00495818,0.000428202
0.0043614,0.000361427
0.00448608,0.000453418
0.00445993,0.00052673
0.004572,0.00122203
0.00480922,0.000367964
0.00475972,0.000485638
0.00450803,0.000554281
0.00469201,0.000382907
0.00465792,0.000372167
0.00443098,0.000466026
0.00437074,0.000490308
0.00434366,0.000521594
0.00437261,0.0011165
0.0046285,0.00051599
0.00466399,0.000540272
0.00454212,0.000360493
0.0045734,0.000507118
0.00488813,0.000494043
0.0044137,0.00102077
0.00463364,0.000565488
0.00511741,0.000464158
0.00465979,0.000518325
0.00490821,0.000472096
0.00446834,0.000445479
0.00426147,0.000452017
0.00443798,0.000363295
0.00441183,0.000380572
0.00439783,0.00108054
0.00449495,0.000516924
0.00448515,0.000474431
0.0046257,0.000471162
0.00469901,0.000472096
0.00442117,0.000449215
0.00429743,0.000428669
0.00444826,0.00102404
0.00449962,0.000484704
0.0045225,0.000453418
0.00432731,0.000470695
0.0043628,0.000331541
0.00436047,0.000464158
0.00449309,0.000331541
0.00455986,0.00033948
0.00423766,0.000459021
0.00429416,0.000474431
0.0042965,0.00088162
0.00444686,0.000414193
0.00440156,0.000444546
0.00425727,0.00061125
0.00428669,0.000448748
0.00425447,0.000341347
0.00440436,0.000443612
0.00421198,0.000401118
0.00413399,0.00122857
0.00435113,0.000394581
0.00434833,0.000424466
0.0043049,0.00041933
0.00434179,0.000337612
0.00420357,0.000331074
0.00418629,0.000453885
0.00428155,0.00046836
0.00413446,0.000404854
0.00410878,0.000991822
0.00433899,0.000436607
0.00426381,0.000409057
0.00428902,0.000438475
0.00422925,0.000435206
0.00413586,0.000565488
0.00410317,0.000444079
0.00412232,0.000300255
0.00408496,0.000983417
0.00432078,0.000342281
0.00432171,0.000348352
0.00432545,0.000443612
0.00445573,0.000342281
0.00440109,0.000480968
0.00422038,0.000403453
0.00427455,0.000316132
0.00421664,0.000411858
0.00435206,0.000948395
0.00532941,0.000502449
0.00448655,0.000448748
0.0043656,0.000410924
0.0043063,0.000466026
0.00452951,0.000475365
0.00470135,0.000311462
0.00444592,0.00041933
0.00410831,0.000899831
0.00442491,0.000441744
0.0043614,0.000443612
0.00433385,0.000452484
0.00545035,0.000423999
0.00427642,0.000480968
0.00440343,0.000311929
0.00431331,0.000306792
0.00428155,0.000880686
0.00450383,0.00045622
0.00449682,0.000346951
0.00438148,0.000362361
0.0044604,0.000429603
0.00435206,0.000368431
0.00441837,0.000433338
0.00442818,0.000301189
0.00440436,0.000893294
0.00452437,0.000471162
0.00445573,0.000316599
0.0043572,0.000455286
0.00445713,0.00033481
0.0043544,0.000303991
0.00438148,0.000422598
0.00426801,0.000391779
0.00422085,0.000900765
0.00450383,0.00035629
0.00455286,0.000336678
0.00443798,0.000337612
0.00437214,0.000487039
0.00433899,0.000300722
0.00428762,0.000306792
0.00429976,0.000395982
0.00433946,0.000433338
0.00431657,0.000405321
0.0040887,0.000434272
0.004459,0.000501515
0.0041522,0.000392246
0.00416341,0.000401118
0.00409383,0.000272704
0.00404714,0.000275039
0.00401679,0.000268969
0.00448375,0.000272704
0.00406115,0.000389444
0.00394394,0.000366096
0.00368805,0.000373101
0.00378144,0.000373568
0.00381039,0.000333876
0.0037651,0.000236282
0.00376976,0.000240951
0.00375809,0.000234414
0.00373895,0.000240017
0.00379078,0.000355823
0.003724,0.000336211
0.00368618,0.000332942
0.00373428,0.000340414
0.00359279,0.000329206
0.00340554,0.000282978
0.00346484,0.000199859
0.00342188,0.000290449
0.00343542,0.000300722
0.00345177,0.000304925
0.00352181,0.000317066
0.00346297,0.000293718
0.0032477,0.000308193
0.00337612,0.000277374
0.00344196,0.000283444
0.0032365,0.000300255
0.00335837,0.000293251
0.00331401,0.000278308
0.00326685,0.000283911
0.0032944,0.000290449
0.00317859,0.000271304
0.0035008,0.000242819
0.00358625,0.000406722
0.00321408,0.000285779
0.00312536,0.00023955
0.00315571,0.00025496
0.00309221,0.000247022
0.00293157,0.000137753
0.00304878,0.000139621
0.00294185,0.000213867
0.00288814,0.000337612
0.00292503,0.000116273
0.00288861,0.000110669
0.00281903,0.000103665
0.00282651,0.000106467
0.00283631,0.000105533
0.00273592,0.000106
0.00284565,8.17179e-005
0.00269062,0.000183982
0.00281623,0.00019192
0.00274946,0.00019192
0.00288768,6.911e-005
0.00281577,0.000184916
0.0028223,0.000172775
0.00286293,0.000176511
0.0028648,6.86431e-005
0.00281857,6.67752e-005
0.00286153,6.77091e-005
0.00293017,0.000165771
0.00278495,0.000160634
0.00279289,0.000172775
0.00290542,0.000171841
0.00268969,0.0001597
0.00278121,0.000155031
0.00281717,0.00019192
0.00279335,6.81761e-005
0.00277981,0.000174643
0.0027177,0.000160634
0.00278962,0.000163903
0.0028153,7.61144e-005
0.00283538,0.000197524
0.00286433,8.0317e-005
0.00279148,6.81761e-005
0.00283771,6.58413e-005
0.00279662,0.000174176
0.00274432,6.49074e-005
0.00275833,0.000178379
0.002982,0.000190053
0.00265607,0.000181647
0.00277794,0.000185383
0.00265513,0.000165304
0.00284612,0.000172308
0.00279008,0.000169506
0.00264579,0.000162969
0.00273452,0.000173709
0.00270883,0.00018118
0.00277841,0.000164837
0.00277934,0.000178846
0.00278962,0.000174176
0.00279615,0.000524863
0.00280503,0.000174176
0.00301516,0.000174643
0.0027616,0.000179779
0.00278401,0.000260563
0.00295165,7.79823e-005
0.00300769,0.000232079
0.00314497,0.000179312
0.00346391,0.000170907
0.00292877,0.000188652
0.00285172,0.00018118
0.00291196,0.000175577
0.00294278,0.000183982
0.00294605,0.000185383
0.00295632,0.000107401
0.00320848,0.000171374
0.00296426,0.00022274
0.00296146,9.15241e-005
0.00294558,0.000186784
0.0028139,0.000178379
0.00305392,0.000180713
0.00300535,0.000178846
0.00290963,0.000189119
0.00294231,0.000189586
0.00294325,0.000178379
0.00291056,0.000612184
0.00296613,0.000190053
0.00296146,0.000144291
0.00295912,0.000186317
0.00282417,7.84492e-005
0.0030231,0.000450616
0.00299928,0.000187718
0.00299134,0.00017044
0.00296192,0.000183048
0.00292924,0.000174643
0.00294698,0.000183048
0.00295025,0.000182114
0.00286106,0.000188185
0.00284425,0.000180246
0.00288674,0.000164837
0.00298387,7.84492e-005
0.002975,0.000171841
0.00294978,7.56475e-005
0.00306652,0.000188185
0.00296753,0.000180713
0.00295305,0.000178846
0.00293764,7.84492e-005
0.00298527,7.79823e-005
0.00292457,0.000106467
0.00295492,0.000181647
0.00282464,0.000184916
0.00290636,0.000175577
0.00296753,7.75153e-005
0.00295259,7.75153e-005
0.00306792,7.14448e-005
0.00293577,0.000184449
0.00306139,9.99293e-005
0.00301796,8.17179e-005
0.00300862,8.31188e-005
0.00297967,7.75153e-005
0.00287274,7.79823e-005
0.00300955,9.10571e-005
0.00301422,7.84492e-005
0.00300769,7.89162e-005
0.00296753,7.89162e-005
0.0029708,7.79823e-005
0.0029708,7.75153e-005
0.00299555,7.79823e-005
0.00297126,7.89162e-005
0.00297593,7.89162e-005
0.00304177,7.84492e-005
0.00307913,8.26518e-005
0.00295679,7.79823e-005
0.00297593,7.65814e-005
0.00293437,0.000161568
0.00295212,0.000187251
0.00296099,0.000193788
0.00296052,0.000180246
0.00288814,7.42466e-005
0.00302683,7.75153e-005
0.00303384,0.000189586
0.00307493,0.000206863
0.00319774,0.000211533
0.00315525,0.000192854
0.0030894,0.000192387
0.00314964,0.000241418
0.00316785,0.000192387
0.00324677,0.000179779
0.0031291,0.000214334
0.00313844,9.01232e-005
0.00313143,0.00018118
0.00309267,0.000180713
0.00395141,0.000182581
0.00313377,0.000182581
0.0031277,0.000186317
0.00311929,0.000174643
0.00312256,0.000169039
0.00312303,0.000173709
0.00312303,0.000284845
0.0031291,0.00019052
0.00310155,0.000223674
0.00312116,8.73214e-005
0.00315992,8.77884e-005
0.00313563,0.000183515
0.00311882,0.000200326
0.0035629,8.96562e-005
0.00312256,0.000225075
0.00312116,9.2925e-005
0.00312162,0.000192854
0.00297687,0.000198925
0.00311696,0.000209198
0.00309267,0.000103198
0.0031375,0.000204528
0.00313703,8.96562e-005
0.00300208,0.000107868
0.00319354,0.000184449
0.0031361,0.00020126
0.00316085,0.000180246
0.00333969,9.01232e-005
0.00319167,0.000192854
0.00311555,0.000231612
0.00311275,8.87223e-005
0.00324163,8.96562e-005
0.00316318,9.57267e-005
0.00320895,9.05902e-005
0.00314404,9.05902e-005
0.00316225,0.000385242
0.00312396,0.000184916
0.00298667,0.000204061
0.00311836,8.49866e-005
0.00314918,8.91893e-005
0.00329533,0.000197524
0.00316599,0.000155031
0.00316132,8.96562e-005
0.0031305,0.000199392
0.0030838,0.000218537
0.00304224,0.00019659
0.00314264,0.000199859
0.00309174,0.000194722
0.00342702,0.000189119
0.00318607,0.000271304
0.00321922,0.000212934
0.00325237,9.94624e-005
0.00316458,0.00120055
0.00336725,0.000154097
0.00347184,0.000130282
0.00334483,0.000128414
0.00342141,0.000221339
0.00333689,0.000452951
0.0033509,0.000292784
0.00354889,0.000237215
0.00327852,0.000310995
0.0033439,0.000238149
0.00334903,0.000227409
0.0033467,0.000235348
0.00340694,0.000257295
0.00349099,0.000295585
0.00353021,0.000253092
0.00351294,0.000728924
0.00376976,0.000182581
0.00378284,0.000286246
0.00377397,0.000280176
0.00370159,0.000177445
0.00378004,0.000270837
0.00375622,0.00122904
0.0036082,0.000183048
0.00397149,0.000192854
0.0036194,0.000182581
0.00369645,0.00018118
0.00372587,0.000188185
0.00365769,0.000287647
0.00360866,0.000308193
0.00364742,0.00034555
0.00376276,0.000389444
0.00364088,0.000823717
0.00384868,0.000954465
0.00417462,0.000373101
0.00422225,0.00039925
0.00418629,0.000344616
0.00411205,0.000346951
0.00406955,0.000385242
0.00408963,0.000385242
0.00427408,0.000928783
0.00460842,0.000280643
0.00442351,0.000298854
0.00438428,0.000369832
0.00438615,0.000372634
0.00439222,0.000359092
0.00447487,0.000442678
0.00443238,0.000968941
0.00458274,0.000462757
0.00465605,0.000972677
0.00492409,0.000441744
0.0050427,0.000447814
0.00496845,0.000466493
0.0050441,0.000469761
0.00497872,0.000496845
0.00502448,0.000459488
0.00490354,0.000431004
0.00458694,0.000457153
0.00447674,0.000485638
0.00476626,0.000448281
0.00477513,0.000343682
0.00518512,0.000459488
0.00542607,0.00108288
0.00474711,0.000507585
0.00500347,0.000389911
0.00496285,0.000360493
0.00491708,0.000441277
0.0050483,0.000417929
0.00489934,0.00174643
0.0052066,0.000494977
0.0052533,0.000547744
0.00530326,0.000417929
0.00528085,0.000406722
0.00534622,0.000416995
0.00557783,0.000427735
0.00543541,0.000416995
0.00519446,0.000423065
0.00544241,0.000405788
0.00522201,0.000581365
0.00518092,0.00106187
0.00540319,0.000428202
0.00554981,0.000435206
0.00548117,0.000412792
0.00537844,0.00103805
0.00563153,0.000453885
0.00564554,0.000490775
0.00559511,0.000635999
0.00553394,0.000551479
0.00558063,0.000547277
0.0055797,0.000551479
0.00610877,0.000465092
0.00571465,0.000525796
0.00545969,0.00045762
0.00544335,0.000467893
0.00539245,0.000529999
0.00539525,0.000474431
0.00527851,0.000442678
0.00524349,0.000402519
0.00514309,0.00109362
0.00555635,0.000470695
0.00539665,0.000523462
0.00530606,0.000426334
0.0053154,0.000507585
0.00525283,0.00041466
0.00531447,0.000509453
0.0050002,0.000502915
0.00535883,0.000390845
0.00638707,0.000489841
0.00495444,0.000491708
0.00489467,0.00162969
0.005413,0.000529532
0.00542374,0.00041466
0.00533688,0.000438942
0.0054186,0.000509453
0.0050936,0.00124445
0.00551012,0.00109736
0.00575388,0.000553347
0.0057394,0.000567356
0.00574267,0.000704175
0.00571372,0.000462757
0.00570671,0.000470695
0.00565395,0.000467893
0.00584587,0.000618254
0.00556943,0.000599109
0.00548584,0.000564554
0.00538124,0.000593039
0.00508939,0.000501048
0.00698758,0.00165677
0.00575948,0.000519726
0.00576835,0.000502449
0.00573333,0.000528131
0.00566469,0.000509453
0.00553067,0.00110156
0.00567169,0.000550078
0.00572025,0.000603779
0.0057422,0.000554748
0.00555122,0.000432872
0.00562359,0.000646272
0.00584633,0.000473497
0.00563854,0.000472096
0.00558484,0.000473497
0.00577629,0.000471629
0.00557503,0.00109642
0.00569924,0.00056829
0.00599016,0.000470228
0.005632,0.000570625
0.00571418,0.000573893
0.00564087,0.000453885
0.00674803,0.000465559
0.00569784,0.00646272
0.00664904,0.00243613
0.00597848,0.000913373
0.00585988,0.000586034
0.00575434,0.0006911
0.0058935,0.000591171
0.00596401,0.000582766
0.0057338,0.00047303
0.00605833,0.00131216
0.00590984,0.000607047
0.00634318,0.000474431
0.00596121,0.000503382
0.00598315,0.000511321
0.00593319,0.000586968
0.00579403,0.000465559
0.00559931,0.000483303
0.00588836,0.000491708
0.00584727,0.000550545
0.00584867,0.000604246
0.00550732,0.000580431
0.00547043,0.000489841
0.00570485,0.000593039
0.00560492,0.000484237
0.005533,0.000482369
0.00523088,0.000416995
0.00523648,0.000511788
0.00517765,0.000412325
0.00516551,0.000534202
0.00490915,0.000528131
0.00495304,0.000399717
0.00506184,0.000454819
0.00507118,0.000358158
0.00496004,0.000473497
0.00476719,0.000365629
0.00491148,0.000359559
0.00482416,0.000431471
0.00493016,0.00035629
0.00463177,0.000459488
0.0045664,0.000353021
0.00454865,0.000415594
0.00448468,0.000448281
0.00476953,0.000486572
0.00441277,0.000434739
0.00464812,0.000288114
0.00442818,0.000289048
0.00436887,0.000301189
0.00437074,0.000290449
0.0042993,0.000837725
0.0045706,0.000284378
0.00443005,0.000385709
0.00426381,0.000273638
0.00423019,0.000370299
0.00400418,0.000270837
0.0040929,0.000266167
0.00428342,0.000362828
0.00406675,0.000434272
0.00403266,0.000381973
0.0043105,0.000818113
0.00419096,0.000353955
0.00599716,0.000336678
0.00402799,0.000362828
0.00417882,0.000360493
0.00398503,0.000266167
0.00419096,0.000363295
0.00415547,0.00087695
0.00429836,0.000561285
0.00420404,0.000650008
0.00418863,0.000348819
0.00416855,0.000406255
0.0041466,0.000367497
0.00410878,0.000348352
0.00396355,0.000373568
0.00408403,0.000219004
0.00409383,0.000229277
0.00407889,0.000226008
0.00428669,0.000238616
0.00447207,0.000235348
0.00417602,0.000332008
0.00428482,0.000346951
0.00394394,0.000320801
0.00436514,0.000218537
0.00426708,0.000337612
0.0040915,0.000335277
0.00407376,0.000332475
0.00407095,0.000226008
0.00412185,0.000225075
0.00404901,0.000223207
0.00507025,0.000332475
0.00407796,0.000332942
0.00414333,0.000240017
0.00416388,0.000344616
0.00423906,0.000404854
0.00423486,0.000328273
0.00426848,0.000327339
0.00424653,0.000374035
0.00452531,0.000348352
0.00426661,0.000400651
0.00453745,0.000331541
0.00403873,0.000352088
0.0042003,0.000329673
0.00451316,0.000357691
0.00418583,0.00035629
0.00412652,0.000332475
0.00410598,0.000338546
0.00411952,0.000331541
0.00407656,0.000330607
0.00407843,0.000240017
0.00385989,0.000335744
0.00406021,0.000355823
0.00400091,0.000284378
0.00400138,0.000331541
0.0040859,0.000317999
0.00402939,0.000301189
0.00389771,0.000318466
0.00391312,0.000309594
0.00404387,0.000365162
0.00410738,0.000304925
0.00370346,0.000296519
0.00371466,0.000298387
0.00365022,0.000308193
0.003618,0.000318933
0.00360073,0.000268502
0.00367217,0.000167638
0.003512,0.000273171
0.00351714,0.000268969
0.00350873,0.000277374
0.00364836,0.000283444
0.00330234,0.000327339
0.00345924,0.000323603
0.0035559,0.000247956
0.00378517,0.000247489
0.00347184,0.000130749
0.0035064,0.000130282
0.00351154,0.00023955
0.00349332,0.00023955
0.00361427,0.000123744
0.00373708,0.000275039
0.00350967,0.000245154
0.00362688,0.000268969
0.00350313,0.000248422
0.00349006,0.00023348
0.00348959,0.00024422
0.00350313,0.00012748
0.00337285,0.000234414
0.00349613,0.000235348
0.00344756,0.000224141
0.0034527,0.000130282
0.00349706,0.000226475
0.0035106,0.000129815
0.0035078,0.000270837
0.00349146,0.000220872
0.00349753,0.000235348
0.00357971,0.00013215
0.00354236,0.000130749
0.00355263,0.000147559
0.00351994,0.00013215
0.00350033,0.00013215
0.00355636,0.00013215
0.00356944,0.000133083
0.00348399,0.000252625
0.00352041,0.000216202
0.00333643,0.000226942
0.00374408,0.000248889
0.00411111,0.000237215
0.00362034,0.000238616
0.00367777,0.000238149
0.00366843,0.000242819
0.00365443,0.000141956
0.00355263,0.000247956
0.00362501,0.000240017
0.00366236,0.000146158
0.00408076,0.000146625
0.00370719,0.000307259
0.00395888,0.000265233
0.00374128,0.000258696
0.00349192,0.000151762
0.00370953,0.000257295
0.00392013,0.000295118
0.0038739,0.000259163
0.00409757,0.000263365
0.00363154,0.000261497
0.00359886,0.000248889
0.00379591,0.000250757
0.00370859,0.000258696
0.00367124,0.00025029
0.00365863,0.000238616
0.00365443,0.000277374
0.00368665,0.000247956
0.0036675,0.000148026
0.0037665,0.000221806
0.00505857,0.000146625
0.00368571,0.000183982
0.00415547,0.000147559
0.0038258,0.000246555
0.00459815,0.00015363
0.00383467,0.000156898
0.00433665,0.000217603
0.00389398,0.000147559
0.00371139,0.00014896
0.0037805,0.000147092
0.00367637,0.000147559
0.00368151,0.000209665
0.0039799,0.000206396
0.00369552,0.000155965
0.00368665,0.00014896
0.00376136,0.000146625
0.00367964,0.000223207
0.00373754,0.000147092
0.00383934,0.000146625
0.00368851,0.000147092
0.00369272,0.00023955
0.00385989,0.000146158
0.00367824,0.000147092
0.0036717,0.000147092
0.00369225,0.000154097
0.00543588,0.000248422
0.00583653,0.00014896
0.00391172,0.000146158
0.00378704,0.000239083
0.00408029,0.000148026
0.00389771,0.000148493
0.00369879,0.000151295
0.00368291,0.000221339
0.00368758,0.000146625
0.00369178,0.000150361
0.00379685,0.00020126
0.00449075,0.000251691
0.00639501,0.000243286
0.00644871,0.000153163
0.00501374,0.000167638
0.00497219,0.000151295
0.00400745,0.000216202
0.00391872,0.000154564
0.00422085,0.000154564
0.00398317,0.000158299
0.00390612,0.000237682
0.00377677,0.000217136
0.00412699,0.000236282
0.00620216,0.000262431
0.00630069,0.000245621
0.00396495,0.000176978
0.00395095,0.000250757
0.00418863,0.000779822
0.00411672,0.000205462
0.00413586,0.000205929
0.00418396,0.000212934
0.00434039,0.000205929
0.00437261,0.000205929
0.00412699,0.000205462
0.00420497,0.000206396
0.00416061,0.000197991
0.00399811,0.000196123
0.00396916,0.000206396
0.00403406,0.000200326
0.00392853,0.00019659
0.00407749,0.000201727
0.00399531,0.000310995
0.00384401,0.000177912
0.00398036,0.000197524
0.00399531,0.000438475
0.0039855,0.00036703
0.00384775,0.000298387
0.00395515,0.000352554
0.00392339,0.00028718
0.00393834,0.000295585
0.0039318,0.000318933
0.00395001,0.000315198
0.00396916,0.00130328
0.00410271,0.000313797
0.00417835,0.000321735
0.00408029,0.000321735
0.00406115,0.000447814
0.00412372,0.000322202
0.00413726,0.000351621
0.00405228,0.000226942
0.00495678,0.000225075
0.00420917,0.000344149
0.00410177,0.000318933
0.00463551,0.000308193
0.00394067,0.000314731
0.00402005,0.000357224
0.00411018,0.000312396
0.00412465,0.000309594
0.00410411,0.000317533
0.00389257,0.000314264
0.0040901,0.000329673
0.00410177,0.000317533
0.00423439,0.000633197
0.00412465,0.000232546
0.00413119,0.000224141
0.00416808,0.000318466
0.00410831,0.000315198
0.00429883,0.000246555
0.00412979,0.000225075
0.00421711,0.000317533
0.00420124,0.000325471
0.00396589,0.000321735
0.00408076,0.000332942
0.00399811,0.000329673
0.00400184,0.000223674
0.00398176,0.000223674
0.0041438,0.000325938
0.00380152,0.000516457
0.00386409,0.000217603
0.00386783,0.000342281
0.00385195,0.000323136
0.00382113,0.000301189
0.00389584,0.000275039
0.0038781,0.000285779
0.00384495,0.000286246
0.00388744,0.000284845
0.00384868,0.000288114
0.00385102,0.00029185
0.00365583,0.000299321
0.00395328,0.000575294
0.00402332,0.000282978
0.00413446,0.000375902
0.0039841,0.000404387
0.00403406,0.000314264
0.00402939,0.000327339
0.00403453,0.000312863
0.00387483,0.000359559
0.00394628,0.000321735
0.00465325,0.000320334
0.00394674,0.000389911
0.00390939,0.0003194
0.003936,0.000321735
0.00390378,0.000314264
0.00389164,0.000334343
0.00380245,0.000219471
0.00385942,0.000207797
0.00383234,0.000219938
0.00384308,0.000392713
0.00395188,0.000304925
0.00382393,0.000291383
0.00381226,0.000292317
0.00396869,0.000304925
0.00382253,0.000295118
0.00382954,0.000859206
0.00402099,0.000360026
0.00405881,0.000376836
0.00394207,0.000324537
0.00411858,0.000329206
0.00396962,0.000230678
0.00406815,0.000363295
0.0039813,0.000229744
0.00407282,0.000385709
0.00406021,0.000325004
0.00408823,0.00030259
0.00416575,0.000932985
0.00435346,0.000359092
0.00416808,0.000354422
0.00451223,0.000373101
0.00427035,0.000358158
0.00464391,0.000359092
0.00457667,0.00036703
0.00441324,0.000409057
0.00435206,0.000272237
0.0043642,0.000375435
0.0046229,0.000367964
0.00424606,0.000275506
0.00437168,0.000367964
0.00438662,0.000275973
0.00434553,0.000662149
0.00447441,0.00039925
0.00439969,0.000475365
0.00434879,0.000952598
0.00460702,0.000418863
0.00459161,0.000319867
0.00458368,0.000423532
0.00457994,0.000402986
0.00492129,0.00098295
0.0047812,0.00102965
0.00505063,0.000332475
0.00493156,0.000445479
0.00475785,0.000435673
0.00477046,0.000433805
0.00475598,0.000453885
0.00485358,0.000457153
0.00487879,0.000455286
0.00479801,0.000416528
0.00480175,0.00104832
0.00512955,0.000455753
0.00508286,0.000704642
0.00518325,0.000572492
0.00511134,0.000504783
0.00513329,0.000454819
0.00539618,0.0010684
0.00544662,0.00112677
0.00575014,0.000449682
0.00580804,0.00117721
0.00613211,0.000572492
0.00599576,0.000558951
0.00571465,0.000593039
0.00607001,0.00111837
0.00603779,0.000603312
0.00618114,0.000678025
0.00615546,0.000516924
0.00603825,0.000600977
0.0061111,0.000629461
0.00609849,0.000530466
0.00633664,0.00117861
0.00631002,0.000625259
0.00630676,0.000616854
0.00623344,0.00163016
0.00585754,0.000614052
0.00618815,0.000611717
0.00610923,0.000610316
0.00579263,0.00063273
0.00602751,0.00114218
0.00629181,0.000640669
0.00626893,0.000549144
0.0062652,0.000603312
0.00620636,0.00062666
0.00644171,0.000489841
0.00617788,0.00062199
0.00613865,0.00117207
0.00640575,0.000635065
0.00637306,0.000543074
0.00635298,0.000604246
0.00633524,0.000687364
0.00629695,0.000548678
0.00630349,0.00056362
0.00634785,0.000541673
0.00622177,0.00129254
0.00643143,0.000650942
0.00656172,0.000673823
0.00636279,0.000575761
0.00669433,0.000656545
0.00630349,0.000657479
0.00710432,0.000645805
0.00618254,0.000646272
0.00615546,0.00065888
0.00613632,0.0013341
0.00640715,0.000648607
0.00612651,0.000642536
0.00617601,0.000654677
0.00601397,0.000652343
0.00615733,0.000640669
0.00624232,0.00109549
0.00620916,0.000575761
0.00638707,0.000896562
0.00628061,0.000677091
0.00618675,0.000664483
0.00632076,0.000734527
0.00597708,0.000646739
0.00598922,0.00064347
0.0060079,0.000614052
0.0057394,0.00141209
0.00597055,0.000642069
0.0063782,0.000689232
0.00607981,0.000651409
0.00581832,0.000629461
0.0058921,0.00121176
0.00590424,0.000592572
0.00566562,0.000742466
0.0057889,0.000636466
0.00584633,0.000766281
0.00579077,0.00056829
0.00569457,0.000471162
0.00573473,0.000625726
0.0057436,0.000554281
0.00628714,0.00117254
0.00588136,0.000617321
0.00606207,0.000686431
0.00587575,0.000562686
0.00645572,0.000774686
0.00593786,0.000550078
0.00588789,0.000522528
0.0056815,0.00137473
0.00608075,0.000598642
0.00598362,0.00079103
0.00774406,0.00062666
0.0059486,0.000575294
0.00587015,0.000533268
0.00583326,0.000583699
0.00585474,0.000623391
0.00582485,0.000586034
0.00560445,0.00124865
0.00604993,0.000557083
0.00592759,0.000576228
0.00597008,0.000445946
0.00612511,0.000477233
0.00608308,0.000574827
0.00587715,0.00115526
0.00627033,0.000613118
0.00613305,0.00062666
0.00623438,0.000513189
0.00612277,0.000480034
0.00608215,0.000479567
0.00625119,0.000476299
0.00659113,0.0004777
0.00595187,0.000545409
0.00572446,0.00106233
0.00601677,0.000523929
0.00614145,0.000517391
0.0062157,0.00057436
0.00591171,0.000490308
0.00598876,0.000479101
0.00598222,0.000478167
0.00588743,0.00113798
0.00617507,0.000515523
0.00619702,0.000618721
0.00585054,0.000479567
0.00637727,0.000470228
0.00616293,0.000580898
0.00590751,0.000580898
0.00562453,0.000480968
0.00568523,0.000597708
0.00580944,0.00111417
0.0061055,0.000612651
0.00601117,0.000612651
0.00570344,0.000552413
0.00592245,0.000471629
0.00595747,0.000470228
0.0057917,0.00046836
0.00579824,0.00119495
0.00607094,0.000554748
0.00601584,0.00055755
0.00579824,0.000539338
0.00581598,0.000716316
0.00602191,0.000624325
0.00587622,0.000573893
0.00585801,0.00057903
0.00554841,0.00063273
0.00577582,0.00142002
0.0058001,0.000591171
0.00599296,0.00047303
0.00592432,0.000554748
0.00594346,0.000482369
0.00589116,0.000583232
0.00577956,0.00113238
0.00607188,0.000647206
0.00602565,0.000592105
0.00601864,0.000569224
0.00588136,0.000549144
0.00596121,0.00057436
0.00590564,0.000482369
0.00601771,0.000550545
0.00582952,0.000591638
0.00594299,0.00123464
0.00631002,0.000556149
0.00631096,0.000629461
0.0062213,0.00050525
0.00644311,0.000612184
0.00604946,0.000597708
0.00601724,0.000583232
0.00611764,0.00109315
0.00615966,0.000555682
0.00610269,0.000601911
0.00619188,0.000485638
0.00646179,0.00060518
0.00604526,0.000591171
0.0061083,0.000599576
0.00600884,0.000489374
0.00604106,0.00108335
0.0061648,0.000584633
0.00623998,0.000502449
0.00651549,0.000495911
0.00617461,0.000497312
0.0061648,0.000497779
0.00629555,0.000511788
0.00607421,0.000499647
0.00601631,0.00108521
0.00641976,0.000554748
0.00644311,0.000500114
0.00617321,0.000616387
0.00612511,0.00050525
0.00623017,0.000583699
0.00604479,0.000487506
0.00645245,0.000930183
0.00585334,0.00107774
0.00593833,0.000665417
0.0060602,0.000487039
0.00614099,0.000460422
0.00578796,0.00055755
0.00585287,0.000575761
0.00635439,0.000588836
0.00587669,0.00116273
0.00609522,0.000614986
0.00613912,0.000551012
0.00599483,0.000587902
0.0059584,0.000569691
0.00599576,0.000481902
0.00630302,0.000490308
0.00593085,0.00060658
0.00572446,0.00048377
0.00582159,0.00056829
0.00577255,0.00141395
0.00580057,0.000561285
0.00606767,0.000589303
0.00609336,0.000462757
0.00630536,0.000580898
0.00606861,0.000582766
0.00600837,0.00115152
0.00581458,0.000555682
0.00619609,0.000548678
0.00608588,0.000578096
0.0059584,0.000607981
0.00599343,0.000561285
0.00593552,0.000487039
0.00838379,0.000463224
0.00615359,0.000600977
0.00580197,0.000588369
0.00562266,0.00369832
0.00796213,0.000874148
0.00788648,0.000751805
0.00818347,0.000774219
0.0080177,0.000938122
0.00779356,0.000787761
0.00748723,0.000751338
0.00784679,0.000610316
0.00801816,0.00137613
0.00835111,0.000729391
0.00788741,0.00082932
0.00805925,0.000805972
0.00810455,0.000812043
0.00799715,0.000782157
0.00787481,0.00082325
0.00799341,0.000772818
0.00784819,0.000734527
0.00797333,0.000799902
0.00775433,0.000801303
0.00799715,0.0007971
0.0075951,0.00140228
0.00801349,0.000719585
0.00790002,0.000809241
0.00783558,0.000784025
0.00786313,0.00159653
0.00818347,0.000831188
0.0080289,0.000848466
0.00810735,0.00071258
0.00807326,0.000813911
0.00792244,0.000868545
0.00790796,0.000834457
0.00940924,0.000770016
0.00779309,0.000749937
0.00801443,0.00129628
0.00817133,0.000813911
0.00794719,0.000960069
0.00809568,0.000826985
0.00799248,0.000713981
0.00790983,0.00078636
0.00794392,0.00067569
0.00767682,0.000845664
0.00781457,0.00124024
0.00805085,0.000708378
0.00832262,0.000710712
0.00801629,0.000819981
0.00775013,0.00084473
0.0078678,0.000805038
0.00784866,0.000775153
0.0077011,0.0013864
0.00803684,0.000709312
0.00810735,0.000815311
0.00802657,0.000780756
0.00819421,0.000935787
0.00770156,0.000806439
0.00790516,0.000780289
0.00846971,0.000745734
0.00776647,0.000835858
0.00759743,0.00134858
0.00798221,0.000694836
0.00777581,0.000713981
0.00789395,0.000753673
0.00807887,0.000811576
0.00784445,0.000712113
0.00766981,0.0007971
0.00746295,0.00162549
0.00844263,0.000770483
0.00792991,0.000830254
0.00792944,0.000777955
0.00797941,0.000831655
0.0079696,0.000814844
0.00785846,0.000787761
0.00784912,0.000798968
0.00777628,0.00180293
0.00753673,0.00124118
0.00777581,0.00077095
0.00768849,0.000778422
0.00740831,0.00080317
0.0074933,0.000708845
0.00753439,0.000666818
0.00747742,0.000766281
0.0071753,0.00144757
0.00798828,0.000834924
0.00760771,0.000709779
0.00814518,0.000797567
0.00759043,0.000773285
0.00769503,0.000792897
0.00740131,0.000817179
0.00756848,0.000902633
0.00782064,0.000757408
0.00766187,0.00139107
0.00779402,0.000795232
0.00769689,0.000731726
0.00757408,0.000834457
0.00749844,0.000730325
0.00758015,0.000870413
0.00772818,0.000989954
0.00749003,0.00140088
0.00761051,0.000731259
0.00762825,0.0007971
0.00758015,0.000747602
0.00753019,0.000733127
0.00741672,0.00084473
0.00756054,0.000794298
0.00756428,0.000822316
0.00733827,0.00151622
0.00750591,0.000831655
0.00730512,0.000751805
0.00757362,0.000735461
0.00737142,0.000731259
0.00755727,0.000732193
0.00725235,0.000733127
0.00711039,0.000835858
0.00705903,0.000890492
0.0070679,0.000717717
0.00707304,0.000721453
0.00712067,0.000789629
0.00692361,0.000815778
0.00697077,0.000808307
0.0067415,0.000710712
0.00676391,0.000798968
0.00666958,0.00135932
0.00668079,0.000820915
0.00717343,0.00081251
0.0067541,0.000778422
0.00672048,0.000712113
0.00814331,0.000817179
0.0066425,0.00071725
0.00638754,0.000711646
0.00655004,0.000705109
0.00652483,0.000551479
0.00650381,0.0005851
0.00654537,0.000573426
0.00668126,0.000649074
0.00642583,0.000620122
0.00671815,0.000565021
0.0065846,0.00065888
0.00650895,0.00121363
0.00636513,0.00121736
0.00668266,0.000569224
0.00693061,0.000667285
0.00655938,0.000622457
0.00660701,0.00057436
0.00662662,0.000575761
0.00662055,0.00068503
0.00647673,0.000705576
0.00643237,0.000648607
0.00654164,0.000562219
0.00667986,0.000542607
0.00660141,0.000654677
0.00622504,0.000637867
0.00603639,0.000649541
0.00657526,0.000620589
0.00633244,0.000688298
0.00590284,0.00113658
0.00638614,0.000632263
0.00616667,0.000646272
0.00609989,0.00064814
0.00628014,0.000663083
0.00621336,0.000642536
0.00613445,0.000647206
0.00608915,0.000700439
0.00624792,0.000649541
0.00810502,0.000705109
0.00601864,0.000642069
0.00622084,0.000549144
0.00610456,0.000541206
0.0061564,0.000659814
0.00614332,0.00182534
0.00646972,0.000702307
0.00620869,0.00117534
0.00660047,0.000668686
0.00660654,0.000650942
0.00657526,0.000644871
0.00667098,0.000685497
0.00644871,0.00056829
0.00652436,0.000651409
0.00639735,0.000729391
0.0065888,0.000694369
0.00618815,0.000580898
0.00641602,0.000614052
0.00633337,0.000911038
0.00639128,0.000941857
0.00624605,0.000649074
0.00635392,0.00126172
0.00657853,0.000720519
0.00651876,0.00126172
0.00709685,0.000676624
0.00693061,0.00070184
0.00678072,0.00067569
0.00688065,0.000693902
0.00680453,0.000607514
0.0066976,0.000600977
0.00687131,0.000763012
0.00657946,0.000672889
0.00680874,0.000734994
0.00654677,0.00062666
0.00668359,0.000616387
0.00643564,0.000763012
0.00647393,0.000628528
0.00668406,0.00130048
0.0065888,0.00136399
0.00676951,0.00060658
0.00682181,0.000599109
0.00703428,0.000703241
0.00695863,0.000607981
0.0069563,0.000671488
0.00666351,0.000612184
0.00656405,0.000720986
0.00673216,0.000675224
0.00674336,0.000619655
0.00683676,0.000723787
0.00668826,0.000661682
0.00664063,0.000718184
0.00665511,0.000706977
0.00662476,0.000618721
0.00651035,0.0012295
0.00696283,0.000722386
0.00677325,0.00124725
0.00733593,0.000637867
0.00713094,0.000628995
0.00682648,0.000736395
0.00701327,0.000783091
0.00697357,0.000636933
0.007646,0.000698572
0.00693528,0.00071725
0.00685403,0.000657946
0.00698712,0.00118234
0.00758623,0.000675224
0.00709592,0.00079243
0.00698805,0.00078636
0.00691567,0.000766748
0.00686384,0.000603779
0.00676858,0.000693435
0.00714355,0.00119542
0.00719024,0.000640669
0.00728737,0.00146298
0.00749143,0.000687831
0.0074382,0.000780289
0.00730932,0.00078169
0.00728784,0.0006911
0.0072827,0.000841461
0.00721686,0.000778422
0.00704315,0.000709779
0.00792197,0.000701373
0.00768475,0.000718184
0.00724861,0.000701373
0.00763899,0.000700439
0.00711413,0.000668686
0.00692735,0.000801303
0.00688579,0.00180293
0.00745875,0.00136305
0.00762452,0.000714448
0.00779402,0.000715382
0.00744847,0.000765347
0.00835251,0.000689699
0.00753206,0.000688298
0.00739711,0.000838659
0.00714215,0.000777021
0.00724768,0.0006911
0.00739244,0.000800369
0.00727103,0.000713514
0.00731586,0.000695303
0.00719538,0.000697171
0.00897963,0.000771884
0.00708938,0.000796633
0.00698852,0.00190239
0.00762638,0.000734527
0.00769036,0.000685497
0.00774452,0.000677091
0.00777908,0.000691567
0.00763386,0.000687831
0.00756988,0.000744801
0.00736629,0.000750871
0.00725515,0.000667285
0.00717904,0.000789162
0.00735321,0.000671021
0.00705016,0.000759276
0.00769409,0.000736395
0.0069619,0.00067569
0.00686804,0.00064347
0.00692174,0.00128928
0.00720192,0.00154844
0.00736302,0.000756475
0.00731259,0.000715849
0.00722713,0.000658413
0.00722853,0.00077095
0.00719771,0.000769549
0.00718884,0.000670554
0.00714448,0.000706043
0.00696564,0.000677558
0.00702961,0.000632263
0.0071809,0.000641135
0.00900065,0.000631796
0.00767868,0.000642069
0.00694976,0.000676624
0.00659814,0.000584166
0.00655331,0.00127387
0.00692221,0.000615453
0.00691941,0.00371513
0.00926354,0.000821849
0.00891006,0.00091991
0.00883488,0.000931584
0.00842302,0.000779822
0.0086593,0.000937188
0.0086677,0.000985285
0.00868078,0.000897963
0.00859719,0.000839126
0.00859252,0.000837725
0.00843796,0.000833056
0.00877837,0.0007971
0.00868965,0.000864342
0.00848279,0.000879285
0.00844216,0.00175857
0.00897076,0.000847999
0.00886289,0.0013822
0.00929763,0.000821849
0.00886336,0.000941391
0.00874709,0.0009031
0.00872514,0.000823717
0.00897356,0.000832589
0.00992616,0.000903567
0.00881153,0.000842395
0.00867377,0.000843796
0.00870973,0.00110529
0.00849399,0.000952598
0.00848512,0.000831655
0.0083978,0.000966606
0.00839967,0.000932985
0.00830301,0.00172028
0.00854022,0.00345597
0.0090945,0.000763946
0.00842162,0.00158299
0.0099948,0.000850333
0.00881573,0.000819047
0.0087102,0.000822316
0.0087144,0.000934853
0.00856637,0.00100817
0.00851921,0.000948395
0.00867237,0.000931584
0.00862988,0.000826518
0.00904734,0.000841461
0.00862007,0.000844263
0.00878118,0.000856404
0.00870319,0.000872747
0.00803124,0.0021298
0.00808307,0.00145411
0.00846551,0.0007971
0.00833616,0.00074947
0.0083922,0.000900298
0.00845757,0.00113471
0.00825164,0.000798034
0.0082974,0.000834457
0.00813911,0.000968941
0.00799762,0.000910104
0.00814751,0.000920377
0.00810268,0.000811576
0.00801489,0.000910104
0.00802237,0.000940457
0.00806953,0.000811576
0.00819607,0.000816712
0.00803404,0.000878351
0.00781597,0.00160821
0.00810595,0.000867144
0.00821802,0.00086621
0.00805225,0.000857805
0.00817786,0.000830721
0.00773892,0.000869012
0.00806159,0.000837725
0.00760817,0.000945126
0.00777348,0.000739197
0.00808914,0.000888624
0.00768802,0.000893761
0.00767028,0.000845664
0.0073789,0.000780756
0.00734107,0.0008508
0.00763386,0.00084006
0.00701653,0.000914774
0.00751992,0.00200559
0.00780149,0.000946527
0.00776927,0.000808307
0.0077604,0.000836792
0.00756521,0.000799902
0.00753112,0.000845664
0.00746715,0.000752739
0.00762732,0.000857338
0.00756334,0.000817646
0.00803077,0.000789162
0.00738964,0.000906835
0.00733734,0.000897963
0.00726869,0.000895628
0.00732519,0.00078169
0.00703848,0.000888157
0.00718231,0.000929717
0.00704595,0.0014345
0.00733127,0.000897029
0.00728083,0.000862941
0.00734201,0.000862007
0.00741018,0.000741065
0.00728223,0.00086154
0.00720005,0.0008508
0.00714075,0.00091991
0.00707677,0.00083399
0.00719445,0.000848932
0.00680313,0.000865743
0.00710105,0.000853135
0.00699085,0.000858739
0.00715009,0.00078636
0.00714635,0.000862941
0.00681621,0.000872281
0.00668126,0.00141956
0.00693015,0.00145691
0.0072813,0.000849399
0.00743727,0.000879285
0.0070693,0.000865276
0.00697311,0.000840994
0.00777021,0.000894228
0.00734994,0.000854536
0.00718557,0.00146252
0.00752459,0.00093999
0.00724254,0.000919443
0.00725889,0.00164557
0.00708891,0.0010049
0.00766,0.000948395
0.00717997,0.000833056
0.00934293,0.000940457
0.00745221,0.00148727
0.00740084,0.00135512
0.00771744,0.000776554
0.00771044,0.000704642
0.00761144,0.000890959
0.00757175,0.00075414
0.0075923,0.000809708
0.00749237,0.000771884
0.00733827,0.000791496
0.00762171,0.000742466
0.00754233,0.000804571
0.00703241,0.000768149
0.00746155,0.000719585
0.00740971,0.000813444
0.00726402,0.000785426
0.00715102,0.000710712
0.00720285,0.000640202
0.00751992,0.000733127
0.00742886,0.000698572
0.00756615,0.000780756
0.00751478,0.000806439
0.00708518,0.000596307
0.00773845,0.000746668
0.00687831,0.000865276
0.00696237,0.000729391
0.00697871,0.000638801
0.00708284,0.000727523
0.00691194,0.000735928
0.00711693,0.000868078
0.00827919,0.000737329
0.00678866,0.000687364
0.00655798,0.000631329
0.00675784,0.000660281
0.0069068,0.000678492
0.00660514,0.000687364
0.00682321,0.000721453
0.00669947,0.00060658
0.00706463,0.000610316
0.00698245,0.000573426
0.00667986,0.000744801
0.00677045,0.000607047
0.00708845,0.000605647
0.00665791,0.00061592
0.00668359,0.000853602
0.00840854,0.000605647
0.00647953,0.000754607
0.00974965,0.000783558
0.00635719,0.000607047
0.00626426,0.000573893
0.00616573,0.000708378
0.00609756,0.000546343
0.00649121,0.000661215
0.00602378,0.000545876
0.00646272,0.000646272
0.00595,0.000645338
0.00577722,0.000641135
0.00571138,0.00049451
0.00624605,0.000608448
0.00571559,0.000607981
0.00551526,0.000456686
0.00560912,0.000565021
0.00546483,0.000560351
0.00545082,0.000458087
0.00536583,0.000462757
0.00533034,0.000519726
0.00526777,0.000494977
0.00531633,0.000502449
0.0052589,0.000479567
0.00519166,0.000573893
0.00523368,0.000383841
0.00539665,0.00048377
0.00526917,0.000384308
0.00525283,0.000542607
0.00563574,0.000478634
0.0052673,0.000467427
0.00509826,0.000484237
0.00547137,0.000469294
0.0054172,0.000481902
0.00527898,0.000491708
0.00529952,0.000485171
0.00517298,0.000498713
0.00527991,0.000469294
0.00514356,0.000482369
0.00527898,0.000463691
0.00544288,0.000497312
0.00518512,0.000490775
0.00517111,0.000472096
0.0051529,0.000389444
0.00703568,0.000487973
0.00535836,0.00048377
0.00518885,0.000471629
0.00545409,0.000504783
0.00517345,0.00052066
0.00519726,0.000471162
0.00533688,0.000487506
0.00527804,0.000383841
0.0053663,0.000481902
0.00525983,0.00048377
0.00527337,0.000501982
0.00527571,0.000601911
0.00528458,0.000541206
0.0054242,0.000491241
0.00545175,0.000507118
0.00543121,0.000489841
0.00527384,0.00038851
0.00526497,0.000486572
0.00527571,0.000452484
0.00525143,0.000674757
0.00528038,0.000385709
0.00524676,0.000466026
0.00543868,0.000527664
0.00532567,0.000517858
0.00557456,0.000501515
0.00537751,0.000583232
0.00567543,0.000494043
0.00525703,0.000489841
0.00526777,0.000466026
0.00533595,0.000488907
0.00527804,0.000381506
0.00544381,0.00054681
0.00552366,0.000386176
0.00520426,0.000501982
0.00527571,0.000479567
0.00529999,0.00047303
0.00509733,0.000481902
0.00529299,0.000482836
0.00502028,0.000482836
0.00529766,0.000458087
0.00536163,0.000384308
0.00511881,0.000535136
0.00492876,0.000361427
0.00624745,0.000459021
0.00507305,0.000455753
0.00514543,0.000360493
0.0050992,0.00045622
0.00510574,0.000360493
0.00510107,0.000452951
0.00511601,0.000455286
0.00514216,0.00046696
0.00514776,0.000438942
0.00547043,0.00046696
0.00579777,0.000447347
0.00510293,0.000464158
0.00535556,0.000429603
0.00489187,0.000448281
0.00526217,0.000459488
0.00515804,0.000442678
0.00503523,0.000463691
0.00513515,0.00046229
0.0049339,0.000445946
0.00499086,0.000439876
0.00513048,0.000450149
0.00520847,0.00036703
0.00532707,0.000360493
0.00513609,0.000360026
0.00513749,0.000374035
0.00535182,0.000343215
0.00517345,0.000361427
0.00522388,0.000467893
0.00519866,0.000379171
0.00514403,0.000357691
0.00521033,0.000465092
0.00513656,0.000482369
0.00528178,0.00036096
0.00534062,0.000360493
0.00519773,0.00035629
0.0051557,0.000355356
0.00538685,0.000361427
0.00518465,0.000466026
0.00513889,0.000449682
0.0049904,0.000358158
0.00515804,0.000459955
0.00562219,0.000357691
0.00514636,0.000360026
0.00514263,0.000360026
0.00514823,0.000496845
0.00498012,0.000443145
0.00504176,0.000428669
0.00513702,0.000332008
0.00516457,0.000444546
0.00497172,0.000460889
0.00496752,0.000480501
0.00498106,0.000337145
0.0050469,0.000335277
0.0049918,0.000642536
0.00517671,0.000619188
0.00514776,0.000454819
0.00532754,0.000507118
0.00509453,0.000465559
0.00527804,0.000479567
0.00517391,0.000335744
0.0051529,0.000461823
0.00522061,0.000337145
0.00491522,0.000508986
0.00528505,0.000464625
0.00500861,0.000460422
0.00524676,0.000445946
0.00512722,0.000335744
0.00527011,0.000457153
0.00507211,0.000450149
0.00520707,0.000753206
0.00513749,0.000382907
0.00493063,0.000593506
0.00519586,0.000339947
0.00514029,0.000360493
0.00559091,0.000444079
0.00530186,0.000463691
0.00502495,0.000517391
0.00514963,0.000466026
0.00522668,0.000490308
0.00520753,0.000448281
0.00555028,0.000465559
0.0048928,0.000452017
0.00492596,0.000454352
0.00525143,0.000473964
0.00668266,0.000480501
0.00515197,0.000459955
0.00505344,0.000466026
0.00514309,0.000357691
0.00517625,0.00036703
0.00542374,0.00036096
0.00510667,0.000360026
0.00507352,0.000477233
0.00508052,0.000359559
0.00516457,0.00046696
0.00509826,0.000360493
0.00596074,0.00036703
0.0053747,0.000748069
0.00519726,0.000391779
0.00539899,0.000369365
0.00545876,0.000357691
0.00539945,0.000459488
0.00527664,0.000467427
0.00505717,0.000465559
0.00518325,0.000445946
0.00520473,0.000359092
0.00534949,0.000376369
0.00548397,0.000367964
0.00521314,0.000441277
0.00510574,0.000522995
0.00510854,0.000469294
0.00529859,0.000460889
0.00512348,0.000463691
0.00533688,0.000345083
0.00516691,0.000442211
0.0051501,0.00047303
0.00542794,0.000361427
0.00537517,0.000351621
0.00514309,0.000357224
0.00523882,0.000355356
0.00520193,0.00051599
0.00515944,0.000447814
0.00530326,0.000359092
0.00520847,0.000362361
0.00531353,0.000461356
0.00543915,0.000434739
0.00518185,0.000479101
0.00518932,0.000482836
0.0052094,0.00104552
0.00721453,0.000501048
0.00587155,0.000540739
0.00562079,0.000515523
0.00547603,0.000424466
0.00561285,0.000497312
0.00583326,0.000436607
0.00572633,0.000434272
0.00556709,0.000516457
0.00570858,0.00121923
0.00580664,0.000840994
0.00591498,0.000459021
0.00581178,0.000457153
0.00593879,0.000627594
0.0058949,0.000582766
0.00581551,0.000585567
0.00621617,0.000555215
0.00598549,0.000471162
0.00588929,0.000885822
0.00598082,0.000576695
0.00583933,0.00151342
0.00619982,0.000563153
0.00603452,0.000609382
0.00575901,0.000607047
0.00600557,0.000612184
0.00606767,0.000519726
0.00600417,0.000503382
0.00598362,0.00108755
0.00625773,0.000540739
0.00656872,0.000598175
0.00631283,0.000547277
0.00639081,0.000541673
0.00663316,0.000539805
0.00628294,0.000537004
0.00625679,0.000540272
0.0064291,0.000643937
0.00620122,0.000535603
0.00622317,0.00183001
0.0068545,0.000728924
0.00709919,0.000609849
0.00670554,0.000607981
0.0067457,0.000714915
0.00675971,0.000727056
0.00688672,0.000625726
0.00721499,0.000611717
0.00672375,0.000686431
0.00673216,0.000717717
0.00669293,0.000621523
0.0067513,0.00122063
0.00701046,0.000746201
0.00702401,0.000671488
0.00705763,0.000741065
0.00709592,0.000651876
0.00694649,0.00068503
0.00706463,0.000741532
0.00682648,0.000759743
0.00687831,0.00064814
0.00692221,0.00127106
0.00712113,0.000791963
0.00724955,0.000640202
0.00705296,0.000682695
0.00697451,0.000749937
0.00696283,0.000744801
0.00706557,0.000692501
0.00703381,0.000660748
0.00696377,0.000698572
0.00686944,0.000662616
0.00683302,0.000655611
0.00693061,0.000760677
0.00671208,0.000834924
0.0069026,0.000785426
0.00678632,0.000665884
0.006692,0.000703708
0.0067018,0.000634598
0.00667472,0.000658413
0.0066397,0.000635532
0.00662569,0.000635532
0.00676064,0.000735461
0.00682695,0.000674757
0.00672562,0.001272
0.00693902,0.000692968
0.00687224,0.000692501
0.00714075,0.00129721
0.00714355,0.000690166
0.00710152,0.000684563
0.00873775,0.00142983
0.00729344,0.000829787
0.00732146,0.00072799
0.00728457,0.00072192
0.00716129,0.00143403
0.00750124,0.000735461
0.00744614,0.00129395
0.00779589,0.000917109
0.00753626,0.000886289
0.0073803,0.000740598
0.00772351,0.000891426
0.00785099,0.000746201
0.00775106,0.00131636
0.00800322,0.000769549
0.00740458,0.000853602
0.00744474,0.000763946
0.00762965,0.000859673
0.00742793,0.000709312
0.00733593,0.000756941
0.00751151,0.000745267
0.00746575,0.00132009
0.00779496,0.000735461
0.00749844,0.000831655
0.00757408,0.000849866
0.00730138,0.000790096
0.00752085,0.000744334
0.00757922,0.000858272
0.00742045,0.00161801
0.007434,0.000726122
0.00762218,0.000782157
0.00746388,0.000882554
0.00736675,0.000705109
0.00736489,0.000875549
0.00744007,0.000828386
0.00761051,0.000822783
0.00730932,0.00143403
0.00756568,0.000911038
0.00755914,0.000701373
0.00757268,0.000699505
0.00757408,0.00079103
0.00738917,0.000862941
0.0075442,0.000800369
0.00770997,0.000708378
0.00760164,0.00139714
0.00766654,0.000736395
0.00783511,0.000862941
0.00793925,0.000839593
0.0076983,0.000856871
0.00782904,0.000927849
0.00772538,0.00084473
0.00778422,0.000858272
0.00771371,0.00148867
0.00784259,0.000878818
0.00761891,0.000863875
0.00750918,0.000864342
0.0077011,0.00084473
0.00751525,0.000904968
0.00745034,0.000731259
0.00740971,0.000718651
0.00723601,0.00144804
0.00737376,0.000750404
0.00798828,0.000771417
0.00723881,0.000777955
0.00680407,0.000775153
0.00730745,0.000867611
0.00706323,0.000759276
0.00793458,0.00129254
0.00736022,0.000699039
0.00731959,0.00080177
0.00723554,0.000766281
0.00714822,0.000673823
0.0072785,0.000674757
0.00715242,0.0008508
0.00709592,0.00128647
0.00746808,0.00070184
0.00731492,0.000825585
0.00734014,0.000784025
0.0080289,0.00068036
0.00737329,0.000785426
0.00716736,0.000771417
0.00712907,0.000832122
0.00719538,0.0016535
0.00721032,0.000733127
0.00720845,0.000702774
0.00708471,0.000800836
0.00737236,0.000737796
0.00698478,0.000663083
0.00721919,0.000782624
0.00716456,0.000812043
0.00704549,0.00130609
0.00746528,0.000806906
0.00732426,0.00066962
0.00745034,0.00065888
0.0077053,0.000664017
0.00735368,0.000735461
0.00702587,0.00066495
0.00727616,0.000770016
0.0073364,0.000724721
0.00721266,0.00129348
0.00738263,0.000671488
0.00740038,0.000671955
0.00740504,0.000671021
0.00780196,0.00067569
0.00726729,0.000667285
0.00728597,0.00182675
0.00974124,0.00131169
0.00720005,0.000703241
0.00710993,0.00066495
0.00706557,0.000670554
0.00767962,0.000664017
0.00706323,0.000667752
0.00726309,0.00065888
0.00762919,0.00111697
0.00836231,0.000688298
0.00696283,0.00126126
0.00791403,0.000661215
0.0071809,0.000662149
0.00710853,0.000628061
0.00701747,0.00066495
0.007434,0.00123464
0.00891519,0.000741065
0.00724161,0.00129488
0.00716129,0.000699505
0.00703381,0.000663083
0.00706323,0.000666818
0.00972957,0.000664017
0.00706463,0.000709312
0.00676298,0.000785426
0.00810689,0.000714915
0.00788741,0.00066495
0.00666445,0.000704642
0.0066467,0.00120382
0.00704642,0.000642069
0.00682975,0.0006374
0.00683722,0.000638801
0.00675597,0.000640669
0.00669387,0.000714915
0.00655098,0.000621056
0.00668593,0.00146999
0.00682788,0.00113565
0.0111972,0.000638801
0.00678772,0.000610316
0.00675504,0.000634131
0.00681854,0.000671021
0.00680967,0.000730792
0.00702167,0.000651409
0.00679753,0.000661215
0.00682928,0.00125659
0.00707724,0.000666818
0.0073873,0.000666818
0.00731772,0.000665884
0.00695676,0.000664017
0.00688952,0.000741999
0.00693248,0.000647673
0.0070114,0.00125332
0.00710526,0.000670554
0.00745501,0.000670087
0.0112514,0.00111043
0.0076502,0.00065888
0.00688438,0.00067429
0.00691053,0.000761611
0.00723227,0.000679893
0.00692081,0.000928783
0.00751431,0.00278495
0.00716409,0.00124445
0.00698898,0.00104412
0.00975198,0.000670554
0.00694883,0.000715382
0.00704315,0.000713981
0.00675037,0.00061592
0.00672375,0.000616854
0.00658273,0.00120335
0.00802937,0.000638801
0.00686571,0.00106187
0.0115979,0.00104973
0.00677792,0.000623858
0.00665464,0.000711179
0.00685263,0.000603779
0.00657806,0.000623391
0.00666118,0.000623858
0.00675597,0.00120756
0.0068503,0.000641602
0.00677885,0.0006374
0.00698992,0.000600977
0.00656639,0.000678492
0.0069068,0.000613118
0.00668079,0.000610316
0.00673636,0.00119728
0.00741719,0.000638334
0.00687364,0.000635999
0.00687785,0.000629461
0.00705529,0.00076021
0.00680033,0.000767215
0.0068573,0.00076488
0.00626193,0.000738263
0.00641462,0.000697171
0.00658553,0.000701373
0.00657853,0.00119869
0.00718371,0.000632263
0.00654024,0.000681761
0.00710105,0.000768149
0.00696517,0.000707911
0.00664203,0.000705576
0.00662616,0.000673823
0.0066355,0.00160027
0.00676298,0.000708378
0.00669713,0.000729391
0.00695583,0.000714448
0.00662849,0.000836792
0.00619375,0.000788695
0.00653837,0.000737796
0.00651222,0.000696704
0.00624232,0.001272
0.00683769,0.000613585
0.00667705,0.000870413
0.00684983,0.000616387
0.006692,0.000695303
0.0066976,0.000815778
0.00683535,0.000643003
0.00680173,0.000642069
0.00674103,0.000621056
0.00690446,0.00131356
0.00658833,0.000741999
0.00687738,0.00064814
0.00724488,0.000758342
0.00689046,0.000804571
0.00666678,0.000763946
0.00662756,0.000656078
0.00663269,0.000752272
0.00678305,0.0012748
0.00675317,0.000734527
0.00678819,0.000686431
0.00671394,0.000821849
0.00667939,0.000766748
0.00680127,0.000647206
0.00666631,0.000725655
0.00680173,0.000693435
0.00630909,0.000706977
0.00631096,0.00133083
0.00702587,0.000757408
0.00683395,0.000821382
0.00657619,0.000821849
0.00670601,0.000765347
0.00694042,0.000758809
0.00696984,0.000727523
0.00705483,0.00135558
0.00708751,0.000721453
0.00661775,0.000624792
0.00717157,0.000808774
0.00701887,0.000757875
0.00656732,0.000822316
0.00665464,0.000703708
0.00649121,0.000706977
0.00647346,0.00066355
0.00632824,0.00129021
0.00666772,0.000719585
0.00671815,0.000777488
0.00649821,0.000683162
0.00783044,0.000716783
0.00679379,0.000738263
0.00657853,0.000735461
0.00658039,0.00128134
0.00667659,0.000689232
0.00651689,0.000731259
0.00678399,0.000849866
0.00702961,0.000738263
0.00684283,0.000727523
0.00662009,0.000714915
0.00632263,0.000688298
0.00638007,0.000665417
0.00620262,0.000689699
0.00652529,0.00145224
0.00684516,0.000782157
0.00657713,0.000768149
0.0067457,0.000622924
0.00659627,0.000711179
0.00660608,0.000668686
0.00660328,0.000809708
0.00698805,0.000687364
0.00650661,0.0012818
0.00711226,0.000790096
0.0066948,0.000683629
0.00636513,0.000698105
0.00629835,0.000670087
0.00659767,0.000740598
0.00672468,0.000697171
0.00656452,0.00119728
0.00679426,0.000629928
0.00704829,0.000761611
0.00666211,0.000723787
0.00673776,0.000730792
0.00673776,0.00080784
0.0069152,0.000806439
0.00685497,0.000743867
0.00691334,0.000726589
0.00669573,0.000703708
0.00677698,0.000774686
0.00671161,0.000761611
0.00680127,0.000711179
0.00694369,0.000700906
0.00626987,0.00112257
0.00624465,0.000671488
0.00610316,0.000642069
0.00620029,0.000943258
0.00621617,0.000661682
0.00607468,0.000565021
0.00591311,0.000663083
0.00615546,0.000558017
0.00611764,0.000671488
0.00610036,0.000521127
0.00605647,0.000527664
0.00600463,0.00111977
0.00631516,0.000551946
0.00639968,0.000550545
0.00629135,0.000551012
0.00643937,0.000549144
0.00607188,0.000513656
0.00601771,0.000711646
0.00604666,0.000620589
0.00598782,0.000610316
0.00598969,0.00062199
0.00591778,0.000643003
0.00714168,0.00052673
0.00592665,0.000518325
0.00587248,0.000523929
0.00583933,0.000556616
0.00581972,0.000493109
0.00587062,0.00049451
0.00586128,0.00110623
0.00820915,0.00056362
0.00619936,0.00113891
0.0069633,0.00056362
0.00673449,0.000663083
0.0061676,0.00071725
0.00636886,0.000559418
0.00607374,0.000635532
0.00604152,0.000517391
0.00589303,0.000629461
0.00597942,0.000627127
0.00567543,0.000541673
0.00577676,0.000521127
0.00587575,0.000991355
0.00557316,0.000609382
0.00561519,0.000479101
0.00564367,0.00105393
0.00593833,0.000493576
0.00583046,0.00114125
0.00651782,0.000626193
0.00611343,0.00061592
0.00601537,0.000551479
0.00601444,0.000591638
0.0058454,0.000871347
0.00590564,0.000607514
0.00577722,0.000614986
0.0060079,0.000533735
0.00640248,0.000621056
0.00587715,0.000537937
0.00608775,0.000670087
0.00592852,0.000517391
0.00616247,0.00204902
0.00670787,0.000560351
0.00653697,0.000657946
0.00645712,0.000552413
0.00655845,0.000553347
0.00702821,0.000721453
0.00638521,0.000702774
0.00640295,0.000604713
0.00627921,0.000689232
0.00650054,0.000599109
0.00659907,0.000568757
0.0063782,0.000596307
0.00645058,0.000692501
0.00639735,0.000704175
0.00645572,0.000759743
0.00640295,0.00129395
0.0065407,0.000631329
0.00732613,0.000593039
0.00669807,0.00058977
0.00680033,0.00059444
0.00721406,0.000593506
0.00666865,0.000675224
0.00660001,0.00077095
0.00685683,0.000708845
0.006487,0.00119168
0.00672749,0.000793831
0.00660561,0.00072332
0.00663129,0.000634131
0.00790703,0.000630395
0.00675364,0.000628995
0.00666445,0.000791496
0.00667052,0.0013327
0.00671815,0.00134438
0.00702261,0.000763012
0.00671348,0.000652343
0.00696517,0.000718651
0.00715475,0.000590704
0.0069563,0.00166611
0.00819,0.000762078
0.00768242,0.000623858
0.0068064,0.00130142
0.00721499,0.00067429
0.00944799,0.000912439
0.00751198,0.000677558
0.00982623,0.000692501
0.00783185,0.000718651
0.00799201,0.00174643
0.00777301,0.000727056
0.00843096,0.00077562
0.00661775,0.00132336
0.00691147,0.000768149
0.00670554,0.00062666
0.00677418,0.000770016
0.00668966,0.000709312
0.00663456,0.000593973
0.00676111,0.000894695
0.00932705,0.000848932
0.00669994,0.000713981
0.00630162,0.00072799
0.00662476,0.000707911
0.00667145,0.000704642
0.00654117,0.000699039
0.00648607,0.000724254
0.00618254,0.000636933
0.00656358,0.00054681
0.00616153,0.000555215
0.00623064,0.000639735
0.00616433,0.000548211
0.00611577,0.000619188
0.00613445,0.000621523
0.00602611,0.000541673
0.00635392,0.000524396
0.00641789,0.000547744
0.00597755,0.000515523
0.00647346,0.000663083
0.00622971,0.000773285
0.00607468,0.000668219
0.00593692,0.000662616
0.00601817,0.000640202
0.00585707,0.000618254
0.0056815,0.000624325
0.00584727,0.000551479
0.00648794,0.000512255
0.00593039,0.00053607
0.00591498,0.000637867
0.00580151,0.000622924
0.00581972,0.000629928
0.00572586,0.000571559
0.00565955,0.000574827
0.00551993,0.000659814
0.00582812,0.000518325
0.00570485,0.000520193
0.00556756,0.000616387
0.00548537,0.000615453
0.00537611,0.000657479
0.00538731,0.000592572
0.00525376,0.000547744
0.00542981,0.000447347
0.00524816,0.000475832
0.00519446,0.00043007
0.00505857,0.000455286
0.00525937,0.00045622
0.00634318,0.000618254
0.00522901,0.00057903
0.00494744,0.000535603
0.00484284,0.000430537
0.00502168,0.00079103
0.00500114,0.0004254
0.00498199,0.000434739
0.0054158,0.00103525
0.00531026,0.000616387
0.00536957,0.000466026
0.00737749,0.000466493
0.00515757,0.000425867
0.00515056,0.000424933
0.00534435,0.000438008
0.0052052,0.000430537
0.00573053,0.000429603
0.00525236,0.00107494
0.0056376,0.000693435
0.00689279,0.000531867
0.00591591,0.000467427
0.00550125,0.000590237
0.00543167,0.000591171
0.00542467,0.000581832
0.00545409,0.000568757
0.00542514,0.000627594
0.00554188,0.00153536
0.00564694,0.000730325
0.0056306,0.000586034
0.00545969,0.000504316
0.00556382,0.00060658
0.00555262,0.00118234
0.00586221,0.000653743
0.00586408,0.00117534
0.00601958,0.000686431
0.0060532,0.000649541
0.00612791,0.000562686
0.0062115,0.000924113
0.00614192,0.000549611
0.0061181,0.000556616
0.00618441,0.000736862
0.00641883,0.000705109
0.00622784,0.00215315
0.00730558,0.000745267
0.00636933,0.000737329
0.00673589,0.000710712
0.00714822,0.000629928
0.00668779,0.000709312
0.00655004,0.00129955
0.0068559,0.000812043
0.00669433,0.000767215
0.00692875,0.000744334
0.00700486,0.000669153
0.00689139,0.000775153
0.00690727,0.000664483
0.00667939,0.000677091
0.00889278,0.000759276
0.00702681,0.00141395
0.00741345,0.000855937
0.00752038,0.000727056
0.00764786,0.000727056
0.00774499,0.00117067
0.00820308,0.000688298
0.00725001,0.000729858
0.00730185,0.000728457
0.00763572,0.00137053
0.00760164,0.000874615
0.0072318,0.000876483
0.00756568,0.00081251
0.00743353,0.000769549
0.00740551,0.00076021
0.00729718,0.000777021
0.0074975,0.000883954
0.00768569,0.00150501
0.00785099,0.00145831
0.00790469,0.000822783
0.00924393,0.000779822
0.00749844,0.000884421
0.00809755,0.000873214
0.00774639,0.000965205
0.00731866,0.000862941
0.0075003,0.000920844
0.00747509,0.000847999
0.00709405,0.000847999
0.00744987,0.000729391
0.00704875,0.000829787
0.00770297,0.000727523
0.00714168,0.000805505
0.00750124,0.000726122
0.00813163,0.00136399
0.00719865,0.000732193
0.00716736,0.000865276
0.00804618,0.000756475
0.0082311,0.000728924
0.00738216,0.000730792
0.00694042,0.000697171
0.00684329,0.000828853
0.00668453,0.000840994
0.00673449,0.00138173
0.00706837,0.000681761
0.00694229,0.000793831
0.00662429,0.00139621
0.00702214,0.000789629
0.00695163,0.000817646
0.00698712,0.000824651
0.00667285,0.00161661
0.0071188,0.000682695
0.00745174,0.000782624
0.00675597,0.000746201
0.00713468,0.000681761
0.00703475,0.000783091
0.00706743,0.000787294
0.00682835,0.000743867
0.00734247,0.000800369
0.0068036,0.00136539
0.00689653,0.000769082
0.00699365,0.000779822
0.00702167,0.000725655
0.00668686,0.00134204
0.00703148,0.00079103
0.00696704,0.000750871
0.00693528,0.000776087
0.00694649,0.000779356
0.00707817,0.000755074
0.00682368,0.000659347
0.00681107,0.000667285
0.0068064,0.000758809
0.00684936,0.000729858
0.00650428,0.000652343
0.00660608,0.000816245
0.00700159,0.00072332
0.0068559,0.00140088
0.0081335,0.000784025
0.00730745,0.0011123
0.00679286,0.000749003
0.00699599,0.00132523
0.00697638,0.00124118
0.0068629,0.00083399
0.00693622,0.000947928
0.00695209,0.000721453
0.00691147,0.000648607
0.00692314,0.000658413
0.0068587,0.000667752
0.0068078,0.000656078
0.00692501,0.000658413
0.00692314,0.000744334
0.00678959,0.000666818
0.00677792,0.000657479
0.00705062,0.000679893
0.00709825,0.000671955
0.00691147,0.000742466
0.00694462,0.000665884
0.00670881,0.000789629
0.00668313,0.000794765
0.00673169,0.00141442
0.00686617,0.000746668
0.00685076,0.000812977
0.00689326,0.000779822
0.00651269,0.000731726
0.00652996,0.000718184
0.00662989,0.00113891
0.0102684,0.000735928
0.00639501,0.000634598
0.00637493,0.000936254
0.00706183,0.000721453
0.00683302,0.000945593
0.00654771,0.000580431
0.00685216,0.00116133
0.00730605,0.000625259
0.00721779,0.000635999
0.00672328,0.00165397
0.00600277,0.0006911
0.00618395,0.000668219
0.0062241,0.000671955
0.00612604,0.000680827
0.00583933,0.000678959
0.00609803,0.00133924
0.00633477,0.000778889
0.00645245,0.000709779
0.00611904,0.000678492
0.00619002,0.000677091
0.00614005,0.000596774
0.0060093,0.000538871
0.00614239,0.00108008
0.00626426,0.000566422
0.00675784,0.000730325
0.00672282,0.00126359
0.00649774,0.000707911
0.00660468,0.00098762
0.00656732,0.000705109
0.00671861,0.000697171
0.00636839,0.000676157
0.0065351,0.00127854
0.00650521,0.000777488
0.00671114,0.000785893
0.00643844,0.000805038
0.00614752,0.00064347
0.00649261,0.000668686
0.00623251,0.000668686
0.00619982,0.000643003
0.00588276,0.000677558
0.00612184,0.000883954
0.00638801,0.00117861
0.00639314,0.000640669
0.00634972,0.000660281
0.00655938,0.000564087
0.00644171,0.000655144
0.00641976,0.000640202
0.00652996,0.000686431
0.00629882,0.00137099
0.00663783,0.000692501
0.00669433,0.000707444
0.00667425,0.0007434
0.0066383,0.000730792
0.00655331,0.000715849
0.00658833,0.000907302
0.00657246,0.000670087
0.00631329,0.000784959
0.00647813,0.00127527
0.00698898,0.00066355
0.00678119,0.000816712
0.00673916,0.000696704
0.00652062,0.000970342
0.0064772,0.000686431
0.00645618,0.000655144
0.00654024,0.000704175
0.00624232,0.000720519
0.00652202,0.000815311
0.00615733,0.000659347
0.00630722,0.000663083
0.00620869,0.000699972
0.00610877,0.00066962
0.00592992,0.000587435
0.00603685,0.000740131
0.00601817,0.00123184
0.00641556,0.000683162
0.00607748,0.000668219
0.00613165,0.000561285
0.00591218,0.000655611
0.00657059,0.000564554
0.00599203,0.00063273
0.00593039,0.000711646
0.00578796,0.000678492
0.00582205,0.000630395
0.00583559,0.000645338
0.00560398,0.000635532
0.00567496,0.00189866
0.00576041,0.000527664
0.0057987,0.000610783
0.005745,0.000670087
0.00564321,0.000601444
0.00560352,0.00050992
0.00570811,0.000616854
0.00571465,0.00115619
0.00565908,0.000627594
0.00587435,0.000650942
0.0057875,0.000507118
0.00575061,0.00160681
0.00558764,0.000599576
0.00558017,0.00118841
0.0060093,0.000538871
0.00545689,0.000501048
0.00688532,0.0011632
0.00599529,0.000612184
0.00564881,0.000636466
0.00559558,0.00060518
0.00560352,0.000573893
0.00561332,0.000572025
0.00559464,0.000625259
0.00561192,0.000611717
0.00568617,0.00109409
0.00581925,0.000586034
0.00566842,0.000604713
0.00583279,0.000538404
0.0055825,0.000574827
0.00557316,0.000588836
0.00554514,0.000460422
0.00549565,0.000599109
0.00551573,0.00118187
0.00573099,0.000566889
0.00582532,0.000614052
0.00544475,0.000649541
0.00571745,0.000635532
0.00579917,0.000501515
0.00582952,0.000509453
0.0058496,0.00124538
0.00593179,0.000620122
0.00592992,0.000613585
0.00607561,0.00060051
0.00607468,0.000749003
0.00584026,0.00063273
0.00608448,0.000657012
0.00614472,0.00066495
0.00606114,0.000633664
0.00597615,0.000634598
0.00587855,0.000626193
0.00560538,0.000649074
0.00583653,0.000700906
0.00589256,0.000599576
0.00566842,0.00115853
0.0058496,0.000682695
0.00579263,0.000543541
0.00590097,0.000613585
0.00593179,0.000678492
0.00588509,0.000852201
0.00590424,0.000701373
0.00550685,0.000540739
0.00575154,0.00060518
0.0057366,0.000634598
0.00545315,0.000628061
0.0057987,0.000630395
0.0056348,0.00059584
0.00553767,0.000654677
0.00522995,0.00058977
0.00665464,0.000609849
0.00543915,0.00114498
0.00551713,0.000624792
0.00560445,0.000836792
0.00542747,0.000573893
0.00540739,0.000584166
0.00560912,0.000612651
0.00543868,0.000679426
0.00532707,0.000586034
0.00542794,0.00144804
0.00545129,0.000553814
0.00544802,0.000606114
0.00539198,0.000706977
0.00540085,0.00045762
0.00511694,0.000553814
0.00529019,0.000614519
0.00523322,0.000575294
0.00513235,0.00109922
0.00540506,0.000519726
0.00556943,0.000498713
0.0054765,0.000628061
0.00530466,0.000604246
0.00537937,0.000569691
0.00602331,0.000629461
0.00522248,0.000571559
0.00514029,0.00141068
0.00547183,0.000602845
0.00547417,0.00108755
0.00566188,0.000565955
0.005745,0.00060658
0.00535509,0.000578096
0.00540272,0.000673356
0.00551199,0.000610316
0.00558951,0.000567356
0.00552974,0.000508519
0.00559091,0.000606114
0.00543915,0.000565955
0.00542,0.00110996
0.00582205,0.000576228
0.00598362,0.000605647
0.0056927,0.000535136
0.00573006,0.000582299
0.00567823,0.00102451
0.00613025,0.00060051
0.00577536,0.000548678
0.00592011,0.000551946
0.00600977,0.00129581
0.00597755,0.000717717
0.00602004,0.000744801
0.00622784,0.000558017
0.00622831,0.000517858
0.00626753,0.000800836
0.0058412,0.00116927
0.00649214,0.00121129
0.00680687,0.000564554
0.00645198,0.000730792
0.00645105,0.000693902
0.00666818,0.000830254
0.00625586,0.000779822
0.00663736,0.00127807
0.00656639,0.00144757
0.00681434,0.000732193
0.00661495,0.00114172
0.00659767,0.000787761
0.00661261,0.000742466
0.00658787,0.00072192
0.00673823,0.000615453
0.00665791,0.000610783
0.00665744,0.000706977
0.00652343,0.000693902
0.00652669,0.000674757
0.00645245,0.0012197
0.00624278,0.000711179
0.0065916,0.000721453
0.00645898,0.00125472
0.00651082,0.000752739
0.0062255,0.000698572
0.00666772,0.00072799
0.00676298,0.000728457
0.00663129,0.000787761
0.00638287,0.000759743
0.0066383,0.000981082
0.00774406,0.000693435
0.00661962,0.000653743
0.00612417,0.000690633
0.00595514,0.000682228
0.00631656,0.000690166
0.00603172,0.000714448
0.00612744,0.00126172
0.00633711,0.000723787
0.00620402,0.000676157
0.00633758,0.000583232
0.00629135,0.000665417
0.00610176,0.000668219
0.00587482,0.000643937
0.00583746,0.000703241
0.00598876,0.00066495
0.0059528,0.000641602
0.00592151,0.000697638
0.0059542,0.00066495
0.00593926,0.000655144
0.00575901,0.000628995
0.00578703,0.00118608
0.00615966,0.000699505
0.00578656,0.00111603
0.00624232,0.000646272
0.00607328,0.000644404
0.00607234,0.000539805
0.0060009,0.000660281
0.00607935,0.000532801
0.00601958,0.000659814
0.00603592,0.000729391
0.00572633,0.000646272
0.0057861,0.000660748
0.00580944,0.000564554
0.00551199,0.000668219
0.00561519,0.000517391
0.00533735,0.000598175
0.00532941,0.000671488
0.00571792,0.00162268
0.0061592,0.000681294
0.0059472,0.000667752
0.00595327,0.000644871
0.00561706,0.00062666
0.00570998,0.000544475
0.00557456,0.000546343
0.00576695,0.00110856
0.00592852,0.000560818
0.00665324,0.00114825
0.00613118,0.000658413
0.00591498,0.000623858
0.00603966,0.0011193
0.00615873,0.000561752
0.00619002,0.000555682
0.00643937,0.00067429
0.00651735,0.00125472
0.0067032,0.000696237
0.00641229,0.000693435
0.00662335,0.000623391
0.00635579,0.000656078
0.00647486,0.0007434
0.00628481,0.000648607
0.00642536,0.000649541
0.00634271,0.000690633
0.00661588,0.000660748
0.00625679,0.000667752
0.00662149,0.00127994
0.00652156,0.000698572
0.00650335,0.000680827
0.00641696,0.000591638
0.0068022,0.000678492
0.00652249,0.000743867
0.00703335,0.00125752
0.00663036,0.000698572
0.00674383,0.000869479
0.00659627,0.000720986
0.00700206,0.000710712
0.00722433,0.000696237
0.00667005,0.000653276
0.00666305,0.000666351
0.00649728,0.000681294
0.006374,0.00117534
0.00700533,0.000744334
0.00651035,0.000765814
0.00678913,0.000693435
0.00640248,0.000727523
0.00669854,0.000596307
0.00633804,0.000737329
0.00610269,0.00057436
0.00636326,0.00387903
0.00902773,0.000805038
0.0085094,0.000933919
0.00872187,0.000809241
0.00847578,0.000813911
0.00833476,0.000876016
0.00848325,0.00157599
0.00869992,0.000949329
0.00852014,0.000949796
0.00966746,0.000951197
0.0084501,0.000899831
0.00845944,0.000923646
0.00867938,0.000960069
0.00848746,0.000843329
0.00815218,0.00170954
0.00831562,0.000954465
0.00891052,0.00140508
0.008508,0.00128787
0.00829227,0.00217837
0.00878631,0.00130188
0.00853135,0.00100536
0.00874335,0.000966606
0.00882367,0.000932051
0.00846691,0.000976879
0.00869292,0.00098295
0.00938449,0.00094606
0.00850147,0.00081858
0.00835017,0.00093065
0.00859486,0.000934853
0.00827032,0.000933919
0.0083908,0.000952131
0.0079752,0.000918042
0.00819841,0.000934386
0.00845103,0.000894695
0.00810829,0.00161335
0.00842068,0.00091991
0.00831188,0.000915241
0.0081293,0.000872747
0.0087681,0.00290542
0.00839593,0.00108195
0.00826238,0.000940457
0.00833803,0.00091384
0.00810782,0.000819981
0.00949329,0.000817179
0.00825771,0.000943258
0.00790843,0.000922245
0.00803311,0.00101937
0.00802003,0.000782624
0.00813023,0.000885822
0.00798034,0.000788695
0.00795326,0.00148073
0.00821055,0.000935787
0.00814798,0.000905902
0.00814471,0.000839126
0.00844636,0.00145925
0.00848886,0.000851267
0.00853602,0.000815311
0.00911925,0.000816712
0.00819607,0.00147933
0.00825678,0.000854069
0.00858412,0.000838659
0.00889651,0.000949329
0.00828106,0.00124912
0.00822596,0.000955866
0.00809801,0.000924113
0.00818066,0.000870413
0.00791683,0.000897496
0.00798081,0.000933919
0.00820214,0.00160727
0.00870039,0.000942791
0.0081774,0.000961937
0.00816385,0.000863875
0.00785986,0.000802237
0.0082381,0.000913373
0.0077123,0.00090917
0.00765347,0.000891426
0.00731959,0.00150081
0.00786313,0.000962404
0.00780289,0.000894695
0.00785473,0.000814378
0.00766094,0.000808307
0.00762452,0.00097221
0.00743913,0.00109082
0.00795699,0.00081251
0.00736722,0.0015886
0.00746902,0.000856871
0.00767588,0.00091991
0.00777394,0.000882554
0.00963291,0.000788228
0.00789349,0.000875082
0.00763619,0.000769082
0.00767822,0.000963805
0.00772771,0.00140508
0.00783325,0.000802703
0.00737423,0.00108568
0.00752178,0.000952131
0.00770297,0.000933919
0.00768195,0.000916175
0.00744614,0.000879285
0.00769363,0.000894695
0.00744987,0.00153723
0.00761938,0.000938589
0.00805552,0.000975479
0.00739104,0.00091384
0.00721686,0.000902166
0.00802844,0.000906369
0.00751431,0.000810642
0.00736816,0.000904034
0.0071132,0.00149053
0.00746482,0.000920844
0.00752319,0.000920377
0.00746155,0.000940457
0.00741578,0.0015335
0.00757128,0.000986686
0.00752505,0.000959602
0.00773985,0.000942791
0.00768662,0.000935787
0.00701233,0.00099976
0.00734714,0.000979214
0.00754373,0.000894695
0.00745734,0.000886756
0.00714075,0.000910104
0.00674103,0.000985285
0.0071132,0.000946994
0.00736442,0.000887223
0.00704362,0.000883021
0.00673683,0.00173009
0.00701046,0.000925047
0.00705996,0.000774686
0.00732053,0.000777021
0.00667098,0.000787294
0.00672515,0.000825585
0.00704128,0.000994624
0.00666351,0.000728457
0.00675457,0.000804104
0.00657619,0.000611717
0.00643844,0.000719118
0.00681341,0.000798034
0.00665557,0.000708845
0.00674243,0.000713514
0.00666165,0.000738263
0.00672282,0.00126266
0.00682415,0.000798968
0.00670881,0.00181134
0.00719771,0.000783558
0.00756474,0.000778889
0.00689979,0.000800836
0.00703988,0.000790096
0.00682928,0.000713514
0.00694509,0.000659814
0.00696704,0.000806906
0.0067485,0.00081858
0.0067443,0.000641135
0.00697124,0.00070184
0.00686571,0.000625726
0.00660468,0.000636933
0.00669994,0.00125939
0.00675083,0.000599109
0.00692034,0.000726589
0.00793271,0.00146859
0.00696143,0.000749003
0.00672795,0.000761144
0.00682555,0.000762078
0.00703708,0.00100536
0.00687178,0.000723787
0.0067555,0.000689699
0.00655705,0.000737329
0.00648047,0.000690633
0.00644778,0.000745734
0.00646739,0.000741999
0.0064347,0.000831655
0.00637213,0.000721453
0.00635672,0.0006911
0.00631843,0.000728457
0.00804571,0.000778889
0.00691847,0.00134157
0.00670647,0.000612651
0.00718884,0.00126079
0.00721453,0.000810642
0.00694649,0.000740598
0.00689139,0.00070184
0.00687038,0.00075414
0.00673029,0.000817179
0.0066369,0.000650475
0.00672422,0.000757875
0.00668313,0.000838192
0.00685824,0.00127947
0.00700206,0.000780289
0.00693668,0.000777488
0.00692127,0.000768615
0.00773238,0.000790096
0.00732473,0.000742466
0.00707023,0.000756475
0.00670227,0.0015914
0.0072206,0.000824651
0.00711226,0.00074947
0.00729344,0.0010091
0.00708938,0.000774219
0.00672935,0.000972677
0.00682602,0.000804571
0.0067513,0.000774219
0.00668639,0.00135512
0.00658086,0.000796166
0.00654584,0.000808774
0.00673683,0.00104365
0.00672795,0.000757408
0.00644731,0.000935787
0.00657386,0.000721453
0.00717857,0.000722386
0.00682788,0.000746668
0.00679053,0.00161335
0.00659721,0.000738263
0.00688719,0.000646739
0.00684656,0.000700906
0.00657713,0.00135932
0.00690306,0.000738263
0.00653697,0.000670087
0.00922012,0.000842862
0.00685123,0.00077095
0.00655938,0.00076488
0.00665838,0.00068503
0.00639875,0.000774219
0.00640388,0.00067429
0.00676765,0.0006911
0.0068064,0.00124305
0.0066439,0.000757408
0.0069012,0.000707911
0.00679239,0.000704642
0.00673029,0.000713047
0.00680827,0.000790563
0.00638707,0.00135745
0.00698338,0.000731726
0.00698852,0.000771884
0.00681528,0.000770483
0.00692688,0.000787294
0.00662522,0.000836325
0.00691614,0.000753206
0.00665324,0.000723787
0.0062764,0.000706043
0.00665698,0.000614519
0.00657292,0.000648607
0.00667752,0.000584166
0.0065365,0.000584633
0.00641556,0.00066495
0.006169,0.000643003
0.00653977,0.00069577
0.00626146,0.0014826
0.00634084,0.000655144
0.00689372,0.000710712
0.0064375,0.00131169
0.00679239,0.000720986
0.00660981,0.000748069
0.00651035,0.000736395
0.0065818,0.000729858
0.00660608,0.000784492
0.00679846,0.000767215
0.00685964,0.000765814
0.00640295,0.000842395
0.0066906,0.000725188
0.00680594,0.000748069
0.0062694,0.000702307
0.00637727,0.00109128
0.00611904,0.00179219
0.00676998,0.000699505
0.00650568,0.000762078
0.00661542,0.000741999
0.00658506,0.000685497
0.00671301,0.000606114
0.00660748,0.000694836
0.00655518,0.000678025
0.00623251,0.00070184
0.00645758,0.000688765
0.00653977,0.000668219
0.00653463,0.000686898
0.00653417,0.000818113
0.00631189,0.000997426
0.00623204,0.000696237
0.00622971,0.000681761
0.00612324,0.000561752
0.00613958,0.000656545
0.00600977,0.000624792
0.00614285,0.000506651
0.00600277,0.000535603
0.00596821,0.000652343
0.00586455,0.000604246
0.00607981,0.000639735
0.00605693,0.000538404
0.00625352,0.000620589
0.00582859,0.000636933
0.00575061,0.000626193
0.00592945,0.000596307
0.00609896,0.000571092
0.00579824,0.000599109
0.00577629,0.000599576
0.00570905,0.000745734
0.00571372,0.000570158
0.00566002,0.000582299
0.00575761,0.000560351
0.00569924,0.000564087
0.00567169,0.000463691
0.00559558,0.000712113
0.00561706,0.000545876
0.00543307,0.000568757
0.00564601,0.000584166
0.00588509,0.000693902
0.00589023,0.00065281
0.00546763,0.000470228
0.00741765,0.000468827
0.00576041,0.000554281
0.0057324,0.000607514
0.00522995,0.000605647
0.00508005,0.000491241
0.00566609,0.000431471
0.00521641,0.000481435
0.00517765,0.000497779
0.00503102,0.000500114
0.00495818,0.000400651
0.00503242,0.000399717
0.00505437,0.00039925
0.00520847,0.000501982
0.00497359,0.000539338
0.005095,0.000442211
0.00487833,0.00039318
0.00502028,0.000485171
0.00486338,0.000423065
0.00492596,0.000423999
0.00489654,0.000402052
0.00472937,0.000326405
0.00485591,0.00032874
0.00477233,0.000328273
0.00474011,0.000325938
0.00483817,0.000443612
0.00469154,0.00044081
0.00486198,0.000444079
0.00480034,0.000325938
0.0045762,0.000329673
0.00469154,0.000442211
0.00479334,0.000331541
0.0047798,0.000432405
0.00455052,0.000438475
0.00463784,0.000424466
0.00484377,0.000489841
0.0045225,0.000436607
0.0045706,0.000380105
0.00460422,0.000407189
0.00473871,0.000328273
0.00473077,0.00032874
0.00601958,0.0004254
0.00455005,0.000448748
0.00454445,0.000435673
0.00463831,0.000338079
0.00468267,0.000566889
0.00461076,0.000432872
0.00470462,0.000328273
0.00510527,0.000325471
0.00488113,0.000439409
0.00445713,0.000422131
0.00483957,0.000446413
0.00459628,0.000445479
0.00488066,0.00309361
0.00666351,0.000548678
0.0056348,0.000579964
0.00587342,0.000472096
0.00591404,0.00045762
0.00583653,0.00056362
0.0056404,0.000543074
0.0057366,0.000571092
0.00605927,0.000574827
0.00623251,0.00045762
0.00596121,0.000572025
0.0058524,0.000573893
0.00591358,0.00045762
0.00589817,0.000437074
0.00599296,0.000458087
0.00593319,0.000571559
0.0057973,0.000569691
0.00597755,0.000562686
0.00607094,0.000538404
0.00583886,0.000558951
0.00606627,0.000533735
0.0058963,0.000467427
0.00584914,0.000441277
0.0058963,0.000559418
0.00582579,0.000544475
0.00559558,0.00053747
0.00580197,0.000581832
0.005738,0.000541673
0.00585707,0.00054681
0.00572399,0.00062199
0.00592852,0.000457153
0.00582625,0.00045622
0.00589116,0.000553814
0.00642256,0.000573893
0.00616854,0.000553814
0.00573613,0.000572025
0.0062708,0.000575294
0.00609569,0.000552413
0.00578843,0.000569224
0.006056,0.000437541
0.00582579,0.000554281
0.00572119,0.000539805
0.00571839,0.000463224
0.0060051,0.000571092
0.00596588,0.000592572
0.00602004,0.00055755
0.00597475,0.00043614
0.00597008,0.000431004
0.00603265,0.000438008
0.00620496,0.000597241
0.00592151,0.000433805
0.00589023,0.000453885
0.00585474,0.000549144
0.00571652,0.00056829
0.00581178,0.000408123
0.0056362,0.000581832
0.00624932,0.000459955
0.00619469,0.000446413
0.00586828,0.000457153
0.00575855,0.000638334
0.00604853,0.000586501
0.00595934,0.000573426
0.00602471,0.000523929
0.00576322,0.000561285
0.00590797,0.00047303
0.00629835,0.000466026
0.00630489,0.000458087
0.00586828,0.000457153
0.00605366,0.000460889
0.00596494,0.000556149
0.00603545,0.000570625
0.00555962,0.000576695
0.00588649,0.000575761
0.00594019,0.000575761
0.00616293,0.00489093
0.00792337,0.000736862
0.00781504,0.000765347
0.00797474,0.00073406
0.00790656,0.000750871
0.00959649,0.000841928
0.00778515,0.000735928
0.00784072,0.000853135
0.00791777,0.000900298
0.0080275,0.000845197
0.00836418,0.000830254
0.00809568,0.000785893
0.00785706,0.000877884
0.00842348,0.000793364
0.00839873,0.000805038
0.00775106,0.000837259
0.00775386,0.000837259
0.00769876,0.000730325
0.00791963,0.000839593
0.00806346,0.000733593
0.00797474,0.000834924
0.00771277,0.000851267
0.00773332,0.000728924
0.00796913,0.000842395
0.00804618,0.000809241
0.00773705,0.000845664
0.00768662,0.000811576
0.00795279,0.000719585
0.00773845,0.000706977
0.00797193,0.000801303
0.00815545,0.000842862
0.00778748,0.000862474
0.00804431,0.000847065
0.00792804,0.000837725
0.00797614,0.000843329
0.00835998,0.000845197
0.00801396,0.000846598
0.00782064,0.000841928
0.00848092,0.000846598
0.00812183,0.000847065
0.00773565,0.000726589
0.00783745,0.000840527
0.00802096,0.000737796
0.00831515,0.0008508
0.00773192,0.000731726
0.00791777,0.000842395
0.00789769,0.000732193
0.0081223,0.000737796
0.00859392,0.000811576
0.00802657,0.000806439
0.00756708,0.000726122
0.00821522,0.00080317
0.00773519,0.0007971
0.00764273,0.000823717
0.00827639,0.000906835
0.00803544,0.000863875
0.0080812,0.000828386
0.0078099,0.000829787
0.00755867,0.00071258
0.00782718,0.000839126
0.00760444,0.000819514
0.00833616,0.000854536
0.00795232,0.000842862
0.00787854,0.000731726
0.00791123,0.000813911
0.0083936,0.00082932
0.00759837,0.000777955
0.00821148,0.000847999
0.0078127,0.000730792
0.0078127,0.000716783
0.00810362,0.000705576
0.00752645,0.000793831
0.00765207,0.000804104
0.00735415,0.000730325
0.00753579,0.000840994
0.0075993,0.00079103
0.00763152,0.000839126
0.00759883,0.000795699
0.0076983,0.000790096
0.00755541,0.000841461
0.00766981,0.000838192
0.00767822,0.000869012
0.00771791,0.00083399
0.00779169,0.000843329
0.00764693,0.00080177
0.00732379,0.000841928
0.0077576,0.000850333
0.0073308,0.00080317
0.00740504,0.000805505
0.0072743,0.000855003
0.00726963,0.000846131
0.00759977,0.000918976
0.0073336,0.000860606
0.00748723,0.000723787
0.00774079,0.000773285
0.00708191,0.000821849
0.00751011,0.000932518
0.00733687,0.000855003
0.00731679,0.000843796
0.00737423,0.00084473
0.00765067,0.000729858
0.00747696,0.000754607
0.00792711,0.00080784
0.00704502,0.000834924
0.00702914,0.00072799
0.00735321,0.000736862
0.00700673,0.000732193
0.00707537,0.000813911
0.00670601,0.000730792
0.006911,0.000822316
0.00678679,0.000822783
0.00686477,0.000839593
0.00703988,0.000856404
0.00692314,0.0007971
0.00691147,0.000764413
0.00698618,0.000836792
0.00694789,0.000740131
0.00682602,0.000647673
0.00716549,0.000711646
0.00687318,0.000599109
0.00715289,0.000694369
0.00710666,0.000702307
0.00687925,0.000558484
0.00681621,0.000694369
0.00674897,0.000686431
0.00694182,0.000597708
0.00692501,0.000598642
0.00677839,0.000602845
0.00694089,0.000599109
0.00707117,0.000746668
0.00684283,0.000627594
0.00713561,0.000598642
0.00715569,0.000598642
0.0071669,0.000598175
0.00687224,0.000708378
0.00696003,0.000663083
0.00864576,0.000694369
0.00668499,0.000641602
0.00653883,0.000633197
0.00645525,0.000671955
0.00710899,0.000693435
0.00705809,0.00068036
0.00638334,0.000679893
0.0066355,0.000713047
0.00656358,0.000683629
0.0071174,0.000685497
0.00636606,0.000569224
0.00651409,0.000672422
0.00631983,0.00065281
0.0063203,0.000568757
0.00637213,0.000817646
0.00614612,0.00062199
0.00628434,0.000753673
0.00630536,0.000669153
0.00640108,0.000670554
0.00648047,0.00067569
0.006586,0.000684563
0.00609195,0.000759276
0.00601771,0.000696237
0.00625399,0.000693902
0.00592011,0.000661215
0.00573753,0.000680827
0.00592245,0.00076488
0.0059486,0.000559418
0.00657012,0.00068503
0.00593412,0.000689232
0.00557643,0.000921778
0.00575528,0.00065281
0.00582532,0.00057436
0.0059061,0.000576695
0.00565862,0.000671955
0.00535976,0.000579964
0.0055867,0.000683629
0.00595093,0.000672889
0.00551246,0.00068503
0.00526917,0.000679426
0.00524769,0.000678025
0.00552693,0.000565488
0.00532567,0.000682228
0.00518979,0.000684096
0.00500581,0.000566889
0.00505017,0.000576695
0.00520847,0.000746668
0.00482136,0.000623858
0.00471162,0.000659347
0.00481809,0.000671021
0.00495771,0.000644871
0.00461123,0.000619188
0.00469528,0.000650008
0.00468407,0.000651409
0.00462804,0.000610316
0.00485311,0.000368898
0.00427828,0.000366096
0.00440716,0.000359092
0.00495538,0.000418396
0.00487319,0.000385709
0.00445479,0.000268502
0.00457714,0.000387109
0.0043572,0.000390378
0.00432638,0.000300255
0.004572,0.000376369
0.00462383,0.000401118
0.0043642,0.000386176
0.00455426,0.000268502
0.00470742,0.000259163
0.00459068,0.000393647
0.00455893,0.000400184
0.00450196,0.000275039
0.00453511,0.000268035
0.00433525,0.000268502
0.00460562,0.000370299
0.00445059,0.000377303
0.00446834,0.000408123
0.00460656,0.000351621
0.00424326,0.000399717
0.00416948,0.000330607
0.00412419,0.00034088
0.00415594,0.000370766
0.00411765,0.00032407
0.0040957,0.000311929
0.00397803,0.00032407
0.00410598,0.000307726
0.00395842,0.000204995
0.00411952,0.000299788
0.00406862,0.000312396
0.00523181,1.21409e-005
0.00149661,1.30749e-005
0.00162409,1.1207e-005
0.00149941,1.1207e-005
0.00161895,1.35418e-005
0.00149147,1.26079e-005
0.00150501,5.13656e-006
0.00153116,5.13656e-006
0.00151575,1.26079e-005
0.00144104,1.1207e-005
0.00148867,1.30749e-005
0.00150501,1.1207e-005
0.00152322,1.07401e-005
0.00149894,1.21409e-005
0.00149894,1.1674e-005
0.0014359,1.1674e-005
0.00150408,1.35418e-005
0.00150174,1.1674e-005
0.00157085,1.1207e-005
0.00162782,5.60352e-006
0.00149567,5.13656e-006
0.00154097,5.60352e-006
0.00150921,1.26079e-005
0.00156852,1.1674e-005
0.00170674,1.1674e-005
0.00146765,1.1674e-005
0.00150174,1.30749e-005
0.0014924,4.6696e-006
0.00151061,1.1207e-005
0.00167125,5.13656e-006
0.00158253,1.21409e-005
0.00150735,1.21409e-005
0.00150594,5.13656e-006
0.00149334,1.30749e-005
0.00149801,1.1674e-005
0.00153957,1.35418e-005
0.00149287,1.21409e-005
0.00144337,4.6696e-006
0.00150688,1.30749e-005
0.00151622,5.13656e-006
0.00152416,1.35418e-005
0.00151015,6.53743e-006
0.001491,1.07401e-005
0.0014952,1.07401e-005
0.00142703,1.26079e-005
0.00149661,1.1207e-005
0.00156478,1.26079e-005
0.00143824,1.1207e-005
0.00164743,1.30749e-005
0.00144571,1.1207e-005
0.00157505,1.21409e-005
0.0017581,1.30749e-005
0.00155824,1.1207e-005
0.001597,1.26079e-005
0.00141629,1.82114e-005
0.00150688,1.1674e-005
0.00143917,1.26079e-005
0.00151575,1.21409e-005
0.00144757,1.26079e-005
0.00149614,1.44757e-005
0.00170814,5.60352e-006
0.0014938,4.6696e-006
0.0014938,1.1674e-005
0.00144477,5.13656e-006
0.00157692,1.40088e-005
0.0016437,1.21409e-005
0.00152322,5.60352e-006
0.00150828,1.1674e-005
0.00145224,4.6696e-006
0.00150221,0.000485171
